G1;0;0;0;0;0;0;0;0;0;0;0;0;0;0;0;0;1.393768;1.552027;1.340446;1.265028;1.308824;1.219241;1.364482;1.308824;1.334508
G2;0;0;0;0;0;0;0;0;0;0;0;0;0;0;0;0;1.388678;1.538949;1.19028;1.150496;1.234498;1.43374;1.477622;1.438977;1.391733
G3;0;0;0;0;0;0;0;0;0;0;0;0;0;0;0;0;1.457717;1.555859;1.193093;1.285285;1.268891;1.474233;1.507463;1.458691;1.436884
G4;0;0;0;0;0;0;0;0;0;0;0;0;0;0;0;0;1.436884;1.532446;1.307361;1.301498;1.339458;1.424274;1.433664;1.405639;1.356432
G5;0;0;0;0;0;0;0;0;0;0;0;0;0;0;0;0;1.413921;1.541864;1.339458;1.339458;1.307361;1.454868;1.429539;1.433664;1.393768
G6;0;0;0;0;0;0;0;0;0;0;0;0;0;0;0;0;1.327986;1.560677;1.339458;1.334508;1.393768;1.338058;1.36612;1.379482;1.340446
G7;0;0;0;0;0;0;0;0;0;0;0;0;0;0;0;0;1.27467;1.480301;1.373327;1.391733;1.368495;1.350878;1.384596;1.334508;1.271782
G8;0;0;0;0;0;0;0;0;0;0;0;0;0;0;0;0;1.340446;1.515441;1.339458;1.418049;1.356432;1.340446;1.337479;1.319583;1.301498
G9;0;0;0;0;0;0;0;0;0;0;0;0;0;0;0;0;1.27467;1.449186;1.26019;1.334508;1.265028;1.337479;1.297089;1.340446;1.297089
G10;0;0;0;0;0;0;0;0;0;0;0;0;0;0;0;0;1.273708;1.519672;1.309312;1.368495;1.330539;1.360964;1.360964;1.312579;1.337479
G11;0;0;0;0;0;0;0;0;0;0;0;0;0;0;0;0;1.19028;1.385295;1.325567;1.418049;1.366991;1.399924;1.440023;1.440023;1.344293
G12;0;0;0;0;0;0;0;0;0;0;0;0;0;0;0;0;1.192156;1.393146;1.418049;1.493469;1.356432;1.480301;1.410515;1.476545;1.388678
G13;0;0;0;0;0;0;0;0;0;0;0;0;0;0;0;0;1.235922;1.274102;1.507463;1.541864;1.45931;1.394784;1.356432;1.394784;1.391733
G14;0;0;0;0;0;0;0;0;0;0;0;0;0;0;0;0;1.19028;1.35785;1.55321;1.560489;1.538949;1.364482;1.373327;1.391733;1.379482
G15;0;0;0;0;0;0;0;0;0;0;0;0;0;0;0;0;1.13625;1.385295;1.530152;1.544193;1.505241;1.295462;1.350878;1.366991;1.385295
G16;0;0;0;0;0;0;0;0;0;0;0;0;0;0;0;0;1.050976;1.350878;1.505241;1.505241;1.438977;1.284918;1.285321;1.330539;1.413921
G17;0;0;0;0;0;0;0;0;0;0;0;0;0;0;0;0;1.22879;1.36612;1.366991;1.394784;1.368495;1.338058;1.285321;1.307402;1.329366
G18;0;0;0;0;0;0;0;0;0;0;0;0;0;0;0;0;1.13625;1.319583;1.405639;1.418049;1.271782;1.126657;1.24835;1.27787;1.295462
G19;0;0;0;0;0;0;0;0;0;0;0;0;0;0;0;0;1.178992;1.301498;1.43374;1.418564;1.26019;1.185148;1.221056;1.297089;1.318237
G20;0;0;0;0;0;0;0;0;0;0;0;0;0;0;0;0;1.08433;1.113856;1.360964;1.418049;1.330539;1.326502;1.319583;1.312579;1.198192
G21;0;0;0;0;0;0;0;0;0;0;0;0;0;0;0;0;1.075179;1.130307;1.418564;1.410515;1.30492;1.282394;1.198192;1.24835;1.230912
G22;0;0;0;0;0;0;0;0;0;0;0;0;0;0;0;0;1.13625;1.224498;1.384596;1.295462;1.307402;1.307402;1.249436;1.22879;1.166693
G23;0;0;0;0;0;0;0;0;0;0;0;0;0;0;0;0;1.075179;1.139495;1.394784;1.319583;1.173325;1.185148;1.274102;1.312579;1.205796
G24;0;0;0;0;0;0;0;0;0;0;0;0;0;0;0;0;0.9981959;1.113856;1.273708;1.247556;1.236397;1.312579;1.247556;1.150496;1.163025
G25;0;0;0;0;0;0;0;0;0;0;0;0;0;0;0;0;0.9927744;1.187464;1.235922;1.247556;1.173325;1.24835;1.249436;1.269433;1.185148
G26;0;0;0;0;0;0;0;0;0;0;0;0;0;0;0;0;0.9886994;1.132069;1.19028;1.178992;1.166693;1.25996;1.230912;1.197589;1.237841
G27;0;0;0;0;0;0;0;0;0;0;0;0;0;0;0;0;1.105867;1.105867;1.083417;1.0512;0.9995492;1.076298;1.219241;1.221056;1.197589
G28;0;0;0;0;0;0;0;0;0;0;0;0;0;0;0;0;0.9981959;1.159087;1.08433;1.081589;0.9981959;1.210155;1.254369;1.155717;1.166875
G29;0;0;0;0;0;0;0;0;0;0;0;0;0;0;0;0;1.19028;1.219241;1.083417;1.070589;1.086944;1.261786;1.285285;1.210155;0.9396503
G30;0;0;0;0;0;0;0;0;0;0;0;0;0;0;0;0;1.12088;1.159087;1.083417;1.078845;1.105867;1.268891;1.230912;1.205796;1.021719
G31;0;0;0;0;0;0;0;0;0;0;0;0;0;0;0;0;1.042834;1.0969;1.065067;1.075179;1.070589;1.388678;1.327986;1.237841;1.077419
G32;0;0;0;0;0;0;0;0;0;0;0;0;0;0;0;0;0.9981959;1.058607;1.141811;1.139495;1.178992;1.225157;1.211361;1.198192;0.9995379
G33;0;0;0;0;0;0;0;0;0;0;0;0;0;0;0;0;1.075179;1.19028;0.9995492;1.08433;0.9631673;1.225157;1.218015;1.301498;1.063999
G34;0;0;0;0;0;0;0;0;0;0;0;0;0;0;0;0;1.065067;1.143198;1.065067;0.9886994;1.011868;1.285321;1.166875;1.247556;1.106001
G35;0;0;0;0;0;0;0;0;0;0;0;0;0;0;0;0;1.075179;1.183703;0.9981959;0.9927744;0.9097362;1.205796;1.118678;1.268891;0.7908581
G36;0;0;0;0;0;0;0;0;0;0;0;0;0;0;0;0;1.12088;1.143198;1.081589;0.9631673;0.9631673;1.154552;1.118678;1.166693;1.03689
G37;0;0;0;0;0;0;0;0;0;0;0;0;0;0;0;0;1.193093;1.26019;1.050976;0.8960383;0.8654699;1.050976;1.063999;1.086944;1.092256
G38;0;0;0;0;0;0;0;0;0;0;0;0;0;0;0;0;1.205796;1.295462;1.105867;1.011868;1.0335;1.03689;1.075982;1.092256;0.8388401
G39;0;0;0;0;0;0;0;0;0;0;0;0;0;0;0;0;1.188376;1.285285;1.139495;1.0512;1.03689;1.111035;1.180325;1.154552;0.9637382
G40;0;0;0;0;0;0;0;0;0;0;0;0;0;0;0;0;1.26019;1.384596;1.083417;0.9631673;1.023183;1.211361;1.182853;1.225157;1.077419
G41;0;0;0;0;0;0;0;0;0;0;0;0;0;0;0;0;1.126948;1.344293;1.081589;0.9097362;1.042834;1.103536;1.261786;1.295462;1.077419
G42;0;0;0;0;0;0;0;0;0;0;0;0;0;0;0;0;1.193093;1.410302;1.075179;1.058607;1.058607;1.348501;1.3816;1.391733;1.078845
G43;0;0;0;0;0;0;0;0;0;0;0;0;0;0;0;0;1.118678;1.384596;1.141811;1.078845;0.986174;1.272385;1.394492;1.424274;1.210155
G44;0;0;0;0;0;0;0;0;0;0;0;0;0;0;0;0;1.150496;1.340446;1.178992;0.954434;1.178992;1.391575;1.458691;1.446532;1.221056
G45;0;0;0;0;0;0;0;0;0;0;0;0;0;0;0;0;1.173325;1.312579;1.141811;0.9959386;1.143198;1.326764;1.416361;1.429539;1.178144
G46;0;0;0;0;0;0;0;0;0;0;0;0;0;0;0;0;1.232121;1.301498;1.083417;1.143661;1.13625;1.440645;1.433664;1.425574;1.0969
G47;0;0;0;0;0;0;0;0;0;0;0;0;0;0;0;0;1.183703;1.309312;1.081589;0.9959386;1.081589;1.399111;1.391575;1.369684;1.121641
G48;0;0;0;0;0;0;0;0;0;0;0;0;0;0;0;0;1.210155;1.394784;1.0335;0.9995492;1.08433;1.393146;1.417395;1.410515;1.154552
G49;0;0;0;0;0;0;0;0;0;0;0;0;0;0;0;0;1.210155;1.418049;1.141811;0.9709506;1.12088;1.416361;1.394492;1.309963;1.185148
G50;0;0;0;0;0;0;0;0;0;0;0;0;0;0;0;0;1.304543;1.417937;1.113856;1.08433;1.078845;1.501902;1.458691;1.36643;1.050976
G51;0;0;0;0;0;0;0;0;0;0;0;0;0;0;0;0;1.211361;1.337479;0.9340681;1.075179;1.126948;1.446425;1.464618;1.440645;1.076298
G52;0;0;0;0;0;0;0;0;0;0;0;0;0;0;0;0;1.141154;1.271782;1.0969;1.143198;1.236397;1.457895;1.49744;1.454868;1.154552
G53;0;0;0;0;0;0;0;0;0;0;0;0;0;0;0;0;1.230912;1.27467;1.113856;0.9995378;1.143198;1.449186;1.4385;1.433664;1.005436
G54;0;0;0;0;0;0;0;0;0;0;0;0;0;0;0;0;1.005436;1.205796;1.092256;1.070589;1.0512;1.494089;1.535374;1.516327;1.285285
G55;0;0;0;0;0;0;0;0;0;0;0;0;0;0;0;0;1.0969;1.118678;1.077419;1.105867;1.12088;1.523118;1.506537;1.480301;1.237841
G56;0;0;0;0;0;0;0;0;0;0;0;0;0;0;0;0;0.9880106;1.106001;0.949596;1.063999;1.113856;1.494089;1.485251;1.436884;1.198192
G57;0;0;0;0;0;0;0;0;0;0;0;0;0;0;0;0;1.061463;1.130307;0.8388401;1.061463;1.050976;1.467034;1.467034;1.45931;1.150496
G58;0;0;0;0;0;0;0;0;0;0;0;0;0;0;0;0;0.9029968;0.9717546;0.8890969;1.03689;0.9694098;1.405639;1.418564;1.384596;1.132069
G59;0;0;0;0;0;0;0;0;0;0;0;0;0;0;0;0;0.6690159;0.7624671;0.7462343;0.8304955;0.7691928;1.413921;1.416502;1.36612;1.166693
G60;0;0;0;0;0;0;0;0;0;0;0;0;0;0;0;0;0.7462343;0.8654699;0.9880106;0.906155;0.9637382;1.356432;1.295462;1.368495;1.166693
G61;0;0;0;0;0;0;0;0;0;0;0;0;0;0;0;0;0.8828773;1.005436;0.882426;0.8024328;0.906155;1.295462;1.318237;1.30492;1.0969
G62;0;0;0;0;0;0;0;0;0;0;0;0;0;0;0;0;0.906155;0.9411389;0.789386;0.882426;0.9694098;1.285321;1.319583;1.418049;1.070589
G63;0;0;0;0;0;0;0;0;0;0;0;0;0;0;0;0;0.8572782;0.9154479;0.789386;0.949596;0.949596;1.319583;1.252774;1.339458;1.063999
G64;0;0;0;0;0;0;0;0;0;0;0;0;0;0;0;0;0.7038341;0.830641;0.8485482;0.9219085;0.9029968;1.27787;1.268174;1.334508;1.118678
G65;0;0;0;0;0;0;0;0;0;0;0;0;0;0;0;0;0.5776539;0.789386;0.7691928;0.9562556;1.011868;1.247556;1.327986;1.319583;1.188376
G66;0;0;0;0;0;0;0;0;0;0;0;0;0;0;0;0;0.789386;0.7038341;0.928527;1.006573;0.9880106;1.26019;1.201055;1.304543;1.111035
G67;0;0;0;0;0;0;0;0;0;0;0;0;0;0;0;0;0.882426;0.8024328;0.8304955;0.7624671;0.8615078;1.236397;1.221056;1.285285;0.9562556
G68;0;0;0;0;0;0;0;0;0;0;0;0;0;0;0;0;0.6719128;0.6380847;0.7462343;0.8148201;0.8615078;1.339458;1.304543;1.27467;1.03689
G69;0;0;0;0;0;0;0;0;0;0;0;0;0;0;0;0;0.8001951;0.8890969;0.789386;0.830641;0.9029968;1.224498;1.061464;1.22879;1.178144
G70;0;0;0;0;0;0;0;0;0;0;0;0;0;0;0;0;0.9154479;0.8890969;0.8024328;0.8024328;0.8828773;1.0969;1.005436;1.12088;1.140908
G71;0;0;0;0;0;0;0;0;0;0;0;0;0;0;0;0;0.7669013;0.9134987;0.8388401;0.8148201;0.8615078;1.132069;1.005436;1.173325;1.166875
G72;0;0;0;0;0;0;0;0;0;0;0;0;0;0;0;0;0.9154479;0.8841838;0.7624671;0.8148201;0.8388401;1.205796;1.141154;1.254369;1.166875
G73;0;0;0;0;0;0;0;0;0;0;0;0;0;0;0;0;0.8001951;1.102776;0.6962123;0.7462343;0.7462343;1.26019;1.21301;1.141154;0.928527
G74;0;0;0;0;0;0;0;0;0;0;0;0;0;0;0;0;0.9609841;1.044795;0.7219281;0.8304955;0.8960383;1.143198;1.050976;1.12088;1.141154
G75;0;0;0;0;0;0;0;0;0;0;0;0;0;0;0;0;0.7076822;0.7849618;0.8148201;0.8485482;0.7908581;1.141811;1.063999;1.063999;0.9029968
G76;0;0;0;0;0;0;0;0;0;0;0;0;0;0;0;0;0.8414308;1.044795;0.7462343;0.8615078;0.8828773;1.12088;1.063999;1.078845;1.132069
G77;0;0;0;0;0;0;0;0;0;0;0;0;0;0;0;0;1.08102;1.108605;0.7219281;0.7691928;0.7462343;1.075179;1.042834;0.9995379;1.063999
G78;0;0;0;0;0;0;0;0;0;0;0;0;0;0;0;0;1.133452;1.232331;0.9219085;0.7339815;0.8828773;1.065067;1.0335;1.0335;1.126657
G79;0;0;0;0;0;0;0;0;0;0;0;0;0;0;0;0;0.9609841;1.061185;0.8485482;0.8828773;0.9219085;1.113856;1.011868;1.023183;1.063999
G80;0;0;0;0;0;0;0;0;0;0;0;0;0;0;0;0;1.014893;1.199146;0.9219085;0.9396503;0.986174;1.232121;1.178144;1.106001;0.9029968
G81;0;0;0;0;0;0;0;0;0;0;0;0;0;0;0;0;1.201055;1.263168;0.9717546;0.9717546;0.9562556;1.159087;1.159087;1.126657;1.005436
G82;0;0;0;0;0;0;0;0;0;0;0;0;0;0;0;0;0.9411389;1.12035;0.8654699;0.8812909;0.8960383;1.25996;1.23377;1.334508;0.9029968
G83;0;0;0;0;0;0;0;0;0;0;0;0;0;0;0;0;0.9411389;1.08102;0.9219085;0.9777946;0.9340681;1.180325;1.252774;1.25996;1.042834
G84;0;0;0;0;0;0;0;0;0;0;0;0;0;0;0;0;0.7669013;1.016353;0.9396503;0.9995378;0.9631673;1.21301;1.154552;1.150496;1.09426
G85;0;0;0;0;0;0;0;0;0;0;0;0;0;0;0;0;0.8315738;1.044795;0.9396503;0.9995378;0.9631673;1.132069;1.086944;1.106001;1.03689
G86;0;0;0;0;0;0;0;0;0;0;0;0;0;0;0;0;0.7669013;1.004547;1.150496;1.03689;0.9396503;1.126657;1.150496;1.03689;1.063999
G87;0;0;0;0;0;0;0;0;0;0;0;0;0;0;0;0;0.8001951;1.163367;0.9694098;1.050976;0.8960383;0.954434;1.0335;0.954434;1.063999
G88;0;0;0;0;0;0;0;0;0;0;0;0;0;0;0;0;0.7725586;1.024069;1.118678;1.159087;1.075982;1.058607;1.042834;1.075179;1.139275
G89;0;0;0;0;0;0;0;0;0;0;0;0;0;0;0;0;0.9134987;0.9941928;1.09426;1.141154;1.092256;0.9694098;1.0969;1.086944;1.038358
G90;0;0;0;0;0;0;0;0;0;0;0;0;0;0;0;0;0.9671988;1.121907;1.155717;1.26019;1.130307;1.126948;1.061464;1.150496;1.163025
G91;0;0;0;0;0;0;0;0;0;0;0;0;0;0;0;0;0.9883332;1.108605;1.130307;1.150496;0.9396503;1.12088;0.949596;0.9562556;1.163025
G92;0;0;0;0;0;0;0;0;0;0;0;0;0;0;0;0;1.014893;1.14255;1.04436;1.159087;0.8304955;1.166693;1.150496;1.141154;1.318237
G93;0;0;0;0;0;0;0;0;0;0;0;0;0;0;0;0;1.061185;1.179786;0.9880106;1.0335;0.9562556;1.063999;1.005436;1.042834;1.166875
G94;0;0;0;0;0;0;0;0;0;0;0;0;0;0;0;0;0.8611705;1.092566;0.8812909;0.9777946;0.986174;1.050976;0.949596;1.0335;1.170998
G95;0;0;0;0;0;0;0;0;0;0;0;0;0;0;0;0;0.928527;1.282779;0.9340681;0.9837083;0.8960383;0.9880106;0.8315738;1.086944;1.057111
G96;0;0;0;0;0;0;0;0;0;0;0;0;0;0;0;0;0.8024328;1.14309;0.8654699;0.9097362;0.9447389;1.092256;0.9637382;1.118678;1.038358
G97;0;0;0;0;0;0;0;0;0;0;0;0;0;0;0;0;0.8615078;1.181291;0.8112781;0.8812909;0.9396503;0.9709506;0.8112781;0.8812909;1.126657
G98;0;0;0;0;0;0;0;0;0;0;0;0;0;0;0;0;0.7219281;1.208177;0.6098403;0.7908581;0.8485482;0.9224062;0.8615078;0.8304955;0.9880106
G99;0;0;0;0;0;0;0;0;0;0;0;0;0;0;0;0;0.7725586;1.054016;0.7908581;0.8304955;0.7219281;0.9995379;0.9562556;0.8615078;1.118678
G100;0;0;0;0;0;0;0;0;0;0;0;0;0;0;0;0;0.8841838;1.096706;0.9396503;0.8812909;0.8615078;1.023183;0.9995379;0.9396503;0.9637382
G101;0;0;0;0;0;0;0;0;0;0;0;0;0;0;0;0;1.08102;1.328231;1.03689;1.075982;0.9880106;1.023183;1.021719;1.011868;0.9858096
G102;0;0;0;0;0;0;0;0;0;0;0;0;0;0;0;0;1.036659;1.306928;0.9219085;1.0335;0.9396503;1.061464;1.005436;1.021719;1.092256
G103;0;0;0;0;0;0;0;0;0;0;0;0;0;0;0;0;1.103536;1.442774;0.9562556;0.9562556;0.9562556;0.9029968;0.9880106;0.906155;1.075982
G104;0;0;0;0;0;0;0;0;0;0;0;0;0;0;0;0;1.163367;1.486818;0.8615078;1.021719;1.005436;0.9880106;0.9396503;0.9396503;1.075982
G105;0;0;0;0;0;0;0;0;0;0;0;0;0;0;0;0;1.102776;1.282779;1.005436;0.9694098;1.005436;0.986174;0.8572781;0.9219085;1.063999
G106;0;0;0;0;0;0;0;0;0;0;0;0;0;0;0;0;0.9637382;1.234736;0.7624671;0.9562556;0.789386;0.8388401;0.8388401;0.8148202;0.8485482
G107;0;0;0;0;0;0;0;0;0;0;0;0;0;0;0;0;0.9134987;1.259572;0.8148201;0.8388401;0.8148201;0.7691928;0.6098403;0.6690159;0.8960383
G108;0;0;0;0;0;0;0;0;0;0;0;0;0;0;0;0;0.9154479;1.234736;0.8615078;0.8615078;0.8148201;0.8828773;0.7624671;0.8148202;0.8960383
G109;0;0;0;0;0;0;0;0;0;0;0;0;0;0;0;0;0.949596;1.181291;0.9858096;1.014893;0.9637382;0.928527;0.830641;0.7893861;0.8485482
G110;0;0;0;0;0;0;0;0;0;0;0;0;0;0;0;0;0.9411389;1.233348;1.08102;1.103536;1.057065;0.882426;0.7669013;0.9880106;0.949596
G111;0;0;0;0;0;0;0;0;0;0;0;0;0;0;0;0;1.057111;1.259572;1.038358;0.9609841;1.014098;0.9154479;0.9154479;0.928527;0.9219085
G112;0;0;0;0;0;0;0;0;0;0;0;0;0;0;0;0;0.8572782;1.061278;1.14255;1.044795;1.096706;1.026076;0.9694098;1.092256;0.8304955
G113;0;0;0;0;0;0;0;0;0;0;0;0;0;0;0;0;0.928527;1.076298;1.026076;0.9858096;1.092256;0.9858096;0.9154479;0.906155;0.7691928
G114;0;0;0;0;0;0;0;0;0;0;0;0;0;0;0;0;0.8304955;1.038358;0.8828773;0.9029968;0.9029968;0.9396503;0.906155;0.9694098;0.8485482
G115;0;0;0;0;0;0;0;0;0;0;0;0;0;0;0;0;0.8388401;1.08264;0.9396503;0.9717546;0.9396503;0.7624671;0.7409066;0.9396503;0.9029968
G116;0;0;0;0;0;0;0;0;0;0;0;0;0;0;0;0;0.8615078;0.9609841;0.9219085;0.9717546;0.986174;0.986174;0.8615078;0.928527;0.8112781
G117;0;0;0;0;0;0;0;0;0;0;0;0;0;0;0;0;0.8388401;1.004547;0.9396503;0.9880106;1.050976;0.9562556;0.8148202;0.8828773;0.8654699
G118;0;0;0;0;0;0;0;0;0;0;0;0;0;0;0;0;0.9029968;1.038358;0.8828773;0.9396503;0.9219085;0.928527;0.7339815;0.7462343;0.7462343
G119;0;0;0;0;0;0;0;0;0;0;0;0;0;0;0;0;0.8828773;1.124674;0.9396503;1.011868;0.9995378;0.8812909;0.8304955;0.8828773;0.8112781
G120;0;0;0;0;0;0;0;0;0;0;0;0;0;0;0;0;0.8828773;1.014893;0.8615078;0.8615078;0.9396503;0.8304955;0.7908581;0.8112781;0.9224062
G121;0;0;0;0;0;0;0;0;0;0;0;0;0;0;0;0;0.789386;1.124674;1.006573;0.9694098;0.9403048;0.9219085;0.7462343;0.9562556;0.9717546
G122;0;0;0;0;0;0;0;0;0;0;0;0;0;0;0;0;1.076298;1.133452;0.8112781;0.8654699;0.8112781;0.8654699;0.8112781;0.8485482;0.8654699
G123;0;0;0;0;0;0;0;0;0;0;0;0;0;0;0;0;1.006573;1.263168;0.7908581;0.8304955;0.8304955;0.9562556;0.7038341;0.9029968;0.9097362
G124;0;0;0;0;0;0;0;0;0;0;0;0;0;0;0;0;1.014098;1.263168;0.9219085;0.9995378;0.8654699;0.9219085;0.5640275;0.7624671;0.8654699
G125;0;0;0;0;0;0;0;0;0;0;0;0;0;0;0;0;1.103536;1.394492;0.8828773;0.8828773;0.986174;1.03689;0.9694098;1.050976;0.9097362
G126;0;0;0;0;0;0;0;0;0;0;0;0;0;0;0;0;1.057111;1.284918;0.7908581;0.8812909;0.8960383;1.050976;0.8572781;1.03689;0.9995379
G127;0;0;0;0;0;0;0;0;0;0;0;0;0;0;0;0;1.124674;1.383437;0.8304955;0.9717546;0.9224062;1.075982;0.949596;0.954434;1.03689
G128;0;0;0;0;0;0;0;0;0;0;0;0;0;0;0;0;1.08264;1.175251;0.7691928;0.8654699;0.8304955;1.005436;0.906155;0.9717546;0.949596
G129;0;0;0;0;0;0;0;0;0;0;0;0;0;0;0;0;0.9671988;1.342295;1.023183;1.058607;1.023183;0.9880106;0.928527;0.928527;1.0512
G130;0;0;0;0;0;0;0;0;0;0;0;0;0;0;0;0;1.180325;1.417395;1.063999;1.105867;1.083417;0.7893861;0.6719128;0.7691928;0.8828773
G131;0;0;0;0;0;0;0;0;0;0;0;0;0;0;0;0;1.221056;1.348501;1.130307;1.063999;1.0969;0.8112781;0.507411;0.640257;0.9097362
G132;0;0;0;0;0;0;0;0;0;0;0;0;0;0;0;0;1.155717;1.348501;1.0969;1.126948;1.023183;0.9880106;0.7339815;0.8388401;0.9717546
G133;0;0;0;0;0;0;0;0;0;0;0;0;0;0;0;0;1.021719;1.154552;1.159087;1.235922;1.118678;0.830641;0.8572781;0.8572781;0.986174
G134;0;0;0;0;0;0;0;0;0;0;0;0;0;0;0;0;1.036659;1.163025;1.023183;1.078845;1.023183;0.8304955;0.6962123;0.6962123;0.9396503
G135;0;0;0;0;0;0;0;0;0;0;0;0;0;0;0;0;0.9858096;1.103536;1.058607;1.083417;0.9447389;0.5776539;0.5435644;0.6098403;1.050976
G136;0;0;0;0;0;0;0;0;0;0;0;0;0;0;0;0;0.949596;1.139275;1.023183;1.08433;1.0512;0.9219085;0.6098403;0.640257;1.005436
G137;0;0;0;0;0;0;0;0;0;0;0;0;0;0;0;0;1.036659;1.285321;0.954434;0.9777946;0.9981959;0.7908581;0.640257;0.7038341;1.126948
G138;0;0;0;0;0;0;0;0;0;0;0;0;0;0;0;0;1.103536;1.14255;0.9631673;0.9631673;0.954434;0.9029968;0.8615078;0.8388401;1.166693
G139;0;0;0;0;0;0;0;0;0;0;0;0;0;0;0;0;1.180325;1.252774;1.0512;1.143198;1.042834;0.9717546;0.7893861;0.9694098;1.092256
G140;0;0;0;0;0;0;0;0;0;0;0;0;0;0;0;0;1.201055;1.218298;1.113856;1.070589;1.0335;1.04436;1.063999;1.005436;1.075982
G141;0;0;0;0;0;0;0;0;0;0;0;0;0;0;0;0;1.061463;1.163025;0.9777946;1.065067;0.9447389;0.9562556;0.7893861;0.9396503;0.8611705
G142;0;0;0;0;0;0;0;0;0;0;0;0;0;0;0;0;0.928527;1.121641;0.9709506;0.9224062;0.9717546;0.9717546;0.7624671;0.8388401;0.9134986
G143;0;0;0;0;0;0;0;0;0;0;0;0;0;0;0;0;0.928527;1.08264;0.9777946;0.9995492;0.9340681;0.9340681;0.8112781;0.8304955;1.03689
G144;0;0;0;0;0;0;0;0;0;0;0;0;0;0;0;0;1.006573;1.121641;0.9981959;0.9959386;0.9927744;0.8485482;0.7219281;0.7462343;0.9219085
G145;0;0;0;0;0;0;0;0;0;0;0;0;0;0;0;0;0.9880106;1.005436;0.9777946;0.9959386;1.042834;0.8485482;0.6690159;0.7908581;1.126657
G146;0;0;0;0;0;0;0;0;0;0;0;0;0;0;0;0;0.986174;0.9562556;1.132069;1.143661;1.105867;0.8304955;0.7219281;0.7462343;1.111035
G147;0;0;0;0;0;0;0;0;0;0;0;0;0;0;0;0;0.8572782;1.111035;1.083417;1.143661;1.065067;0.7691928;0.8388401;0.7908581;1.111035
G148;0;0;0;0;0;0;0;0;0;0;0;0;0;0;0;0;0.9858096;0.9671988;1.173325;1.178992;1.113856;0.8485482;0.7462343;0.9396503;1.237841
G149;0;0;0;0;0;0;0;0;0;0;0;0;0;0;0;0;1.126657;1.111035;1.21301;1.236397;1.236397;0.9396503;0.9029968;0.9694098;1.076298
G150;0;0;0;0;0;0;0;0;0;0;0;0;0;0;0;0;1.09426;1.167621;1.178992;1.265028;1.21301;1.005436;1.061464;0.7725586;1.106001
G151;0;0;0;0;0;0;0;0;0;0;0;0;0;0;0;0;1.14255;1.212177;1.219241;1.26019;1.178144;0.9219085;0.8615078;0.8828773;1.092256
G152;0;0;0;0;0;0;0;0;0;0;0;0;0;0;0;0;1.08102;1.092566;1.197589;1.143661;1.075982;0.8304955;0.6690159;0.8112781;0.949596
G153;0;0;0;0;0;0;0;0;0;0;0;0;0;0;0;0;1.144488;1.304435;1.12088;1.143198;1.070589;0.8388401;0.8615078;0.8654699;0.906155
G154;0;0;0;0;0;0;0;0;0;0;0;0;0;0;0;0;1.175251;1.343364;0.954434;1.0512;0.9995378;0.9097362;0.8304955;0.8960383;0.8485482
G155;0;0;0;0;0;0;0;0;0;0;0;0;0;0;0;0;1.179786;1.369823;0.9340681;0.8960383;0.8960383;0.8304955;0.8388401;0.9219085;0.8485482
G156;0;0;0;0;0;0;0;0;0;0;0;0;0;0;0;0;1.324611;1.456243;0.9995378;1.011868;1.011868;1.023183;1.011868;0.986174;0.9562556
G157;0;0;0;0;0;0;0;0;0;0;0;0;0;0;0;0;1.306928;1.404455;1.023183;1.058607;0.9717546;0.8812909;0.8654699;0.9562556;0.8304955
G158;0;0;0;0;0;0;0;0;0;0;0;0;0;0;0;0;1.304435;1.425942;0.8960383;0.9340681;0.9224062;0.7908581;0.8304955;0.9340681;0.830641
G159;0;0;0;0;0;0;0;0;0;0;0;0;0;0;0;0;1.304435;1.348045;0.8654699;1.0512;0.954434;0.8304955;0.7691928;0.8112781;0.906155
G160;0;0;0;0;0;0;0;0;0;0;0;0;0;0;0;0;1.408708;1.407647;0.9097362;0.9224062;0.8960383;0.9029968;0.7624671;1.065067;0.7691928
G161;0;0;0;0;0;0;0;0;0;0;0;0;0;0;0;0;1.425942;1.423878;0.9224062;0.9224062;0.8812909;0.9562556;0.8148202;1.011868;0.9097362
G162;0;0;0;0;0;0;0;0;0;0;0;0;0;0;0;0;1.218298;1.419737;1.0512;1.086944;1.050976;0.9219085;0.7219281;0.9995379;0.7462343
G163;0;0;0;0;0;0;0;0;0;0;0;0;0;0;0;0;1.256894;1.423878;1.187464;1.150496;1.105867;0.906155;1.04436;1.04436;0.7908581
G164;0;0;0;0;0;0;0;0;0;0;0;0;0;0;0;0;1.306928;1.425942;1.042834;1.058607;1.023183;1.04436;0.8890969;0.9694098;0.8148202
G165;0;0;0;0;0;0;0;0;0;0;0;0;0;0;0;0;1.222138;1.263168;0.8960383;0.9777946;0.9097362;0.8388401;0.7339815;0.5776539;0.882426
G166;0;0;0;0;0;0;0;0;0;0;0;0;0;0;0;0;1.282779;1.222138;0.9340681;0.9709506;0.9097362;0.9029968;0.8828773;0.8828773;1.023183
G167;0;0;0;0;0;0;0;0;0;0;0;0;0;0;0;0;1.124674;1.251143;0.8485482;0.9837083;0.8812909;0.8654699;0.6690159;0.8304955;0.9219085
G168;0;0;0;0;0;0;0;0;0;0;0;0;0;0;0;0;1.251509;1.324611;0.9562556;1.065067;1.0512;0.9224062;0.8148202;0.8388401;0.8572781
G169;0;0;0;0;0;0;0;0;0;0;0;0;0;0;0;0;1.387832;1.423878;0.9447389;0.9777946;0.9886994;0.928527;0.928527;0.949596;0.882426
G170;0;0;0;0;0;0;0;0;0;0;0;0;0;0;0;0;1.390021;1.484966;0.954434;0.9959386;0.954434;0.9694098;0.8024328;0.830641;0.8388401
G171;0;0;0;0;0;0;0;0;0;0;0;0;0;0;0;0;1.473196;1.511829;0.9631673;0.954434;0.9631673;0.928527;0.830641;0.7893861;0.8388401
G172;0;0;0;0;0;0;0;0;0;0;0;0;0;0;0;0;1.404455;1.456243;0.9886994;0.9886994;0.9995492;0.9219085;0.7893861;0.9396503;0.8485482
G173;0;0;0;0;0;0;0;0;0;0;0;0;0;0;0;0;1.452327;1.484966;0.9631673;0.9777946;0.9886994;0.8112781;0.7219281;0.8960383;0.8304955
G174;0;0;0;0;0;0;0;0;0;0;0;0;0;0;0;0;1.473196;1.469392;0.9777946;0.9981959;0.9959386;0.7908581;0.9029968;0.9717546;1.011868
G175;0;0;0;0;0;0;0;0;0;0;0;0;0;0;0;0;1.423878;1.484966;0.9709506;1;0.9340681;0.7908581;0.7219281;0.9097362;0.9340681
G176;0;0;0;0;0;0;0;0;0;0;0;0;0;0;0;0;1.438759;1.542774;1.03689;1.065067;1.081589;0.8828773;1.021719;0.9995379;0.8654699
G177;0;0;0;0;0;0;0;0;0;0;0;0;0;0;0;0;1.528184;1.516327;1.126948;1.166693;1.235922;0.8828773;0.9562556;0.9396503;0.9777946
G178;0;0;0;0;0;0;0;0;0;0;0;0;0;0;0;0;1.468152;1.467034;1.307402;1.291687;1.319583;0.8890969;0.8001951;0.906155;0.9097362
G179;0;0;0;0;0;0;0;0;0;0;0;0;0;0;0;0;1.485475;1.50152;1.141154;1.232121;1.26019;0.8572781;0.8828773;0.8572781;0.8812909
G180;0;0;0;0;0;0;0;0;0;0;0;0;0;0;0;0;1.485251;1.45506;1.141154;1.118678;1.232121;0.7893861;0.7725586;0.928527;0.9224062
G181;0;0;0;0;0;0;0;0;0;0;0;0;0;0;0;0;1.440023;1.440023;1.021719;1.075982;1.12088;0.5776539;0.640257;0.8812909;0.9340681
G182;0;0;0;0;0;0;0;0;0;0;0;0;0;0;0;0;1.366991;1.507463;1.0335;1.075982;1.105867;0.5776539;0.640257;0.7691928;0.8960383
G183;0;0;0;0;0;0;0;0;0;0;0;0;0;0;0;0;1.45984;1.505241;1.061463;1.140908;1.113856;0.9219085;0.7908581;0.9396503;0.9097362
G184;0;0;0;0;0;0;0;0;0;0;0;0;0;0;0;0;1.508574;1.493469;1.086944;1.075982;1.12088;0.7691928;0.8960383;0.8812909;1.011868
G185;0;0;0;0;0;0;0;0;0;0;0;0;0;0;0;0;1.45931;1.476545;0.8485482;0.9224062;0.9631673;0.6690159;0.8960383;0.8112781;0.7908581
G186;0;0;0;0;0;0;0;0;0;0;0;0;0;0;0;0;1.436884;1.454868;0.9340681;0.9927744;1.083417;0.7893861;0.9562556;0.9396503;0.9880106
G187;0;0;0;0;0;0;0;0;0;0;0;0;0;0;0;0;1.413921;1.446532;1.0335;1.0512;1.065067;0.9154479;0.9637382;1.026076;1.166875
G188;0;0;0;0;0;0;0;0;0;0;0;0;0;0;0;0;1.433664;1.393146;1.065067;1.083417;1.078845;0.8572781;0.830641;1.021719;0.9717546
G189;0;0;0;0;0;0;0;0;0;0;0;0;0;0;0;0;1.425574;1.35785;1.058607;1.0335;1.0512;0.8112781;0.8304955;0.8828773;0.9396503
G190;0;0;0;0;0;0;0;0;0;0;0;0;0;0;0;0;1.507463;1.519672;1.0335;1.075179;1.08433;0.7219281;0.6962123;0.8828773;1.03689
G191;0;0;0;0;0;0;0;0;0;0;0;0;0;0;0;0;1.405639;1.433664;1.075982;1.105867;1.12088;0.9396503;0.8615078;0.9995379;0.954434
G192;0;0;0;0;0;0;0;0;0;0;0;0;0;0;0;0;1.467034;1.425574;1.132069;1.113856;1.132069;0.7219281;0.7908581;0.9097362;0.8615078
G193;0;0;0;0;0;0;0;0;0;0;0;0;0;0;0;0;1.458691;1.401996;1.0335;1.042834;1.075179;0.8812909;0.7219281;1.011868;0.8960383
G194;0;0;0;0;0;0;0;0;0;0;0;0;0;0;0;0;1.491846;1.468152;0.9717546;1.050976;1.075179;0.8654699;0.8654699;1.023183;0.9717546
G195;0;0;0;0;0;0;0;0;0;0;0;0;0;0;0;0;1.384596;1.464618;1.126948;1.13625;1.065067;0.8812909;0.8304955;0.9097362;0.8960383
G196;0;0;0;0;0;0;0;0;0;0;0;0;0;0;0;0;1.48511;1.458691;1.219241;1.273708;1.235922;0.8112781;0.640257;0.8485482;0.8812909
G197;0;0;0;0;0;0;0;0;0;0;0;0;0;0;0;0;1.449186;1.428501;1.166875;1.271782;1.143661;0.8654699;0.6690159;0.8812909;0.8485482
G198;0;0;0;0;0;0;0;0;0;0;0;0;0;0;0;0;1.458691;1.475659;1.197589;1.30492;1.239741;1.023183;0.9396503;1.0335;1.0512
G199;0;0;0;0;0;0;0;0;0;0;0;0;0;0;0;0;1.451334;1.506537;1.205796;1.27467;1.187464;0.9562556;0.8304955;0.9717546;1.023183
G200;0;0;0;0;0;0;0;0;0;0;0;0;0;0;0;0;1.493469;1.557924;1.239741;1.273708;1.27467;0.7908581;0.7691928;0.9562556;1.0335
G201;0;0;0;0;0;0;0;0;0;0;0;0;0;0;0;0;1.476545;1.54618;1.173325;1.192156;1.13625;0.882426;0.7624671;0.9717546;1.065067
G202;0;0;0;0;0;0;0;0;0;0;0;0;0;0;0;0;1.516327;1.474233;1.0969;1.139495;1.132069;0.7691928;0.7691928;0.8485482;1.03689
G203;0;0;0;0;0;0;0;0;0;0;0;0;0;0;0;0;1.516327;1.516327;1.13625;1.143661;1.143198;0.8304955;0.8388401;0.8304955;1.03689
G204;0;0;0;0;0;0;0;0;0;0;0;0;0;0;0;0;1.512888;1.451334;1.173325;1.19028;1.192156;0.6962123;0.8112781;0.9097362;1.12088
G205;0;0;0;0;0;0;0;0;0;0;0;0;0;0;0;0;1.45506;1.480301;1.143198;1.126948;1.065067;0.7893861;0.9029968;0.986174;0.954434
G206;0;0;0;0;0;0;0;0;0;0;0;0;0;0;0;0;1.467034;1.454868;1.192156;1.187464;1.141811;0.8024328;1.03689;1.021719;0.8960383
G207;0;0;0;0;0;0;0;0;0;0;0;0;0;0;0;0;1.438977;1.45506;1.183703;1.178992;1.105867;0.9154479;1.006573;1.075982;0.9224062
G208;0;0;0;0;0;0;0;0;0;0;0;0;0;0;0;0;1.440023;1.505241;1.337479;1.340446;1.319583;0.928527;0.9694098;1.03689;1.0512
G209;0;0;0;0;0;0;0;0;0;0;0;0;0;0;0;0;1.471151;1.45506;1.271782;1.30492;1.22879;0.9637382;0.731532;0.9396503;0.8112781
G210;0;0;0;0;0;0;0;0;0;0;0;0;0;0;0;0;1.418049;1.489091;1.271782;1.268891;1.166875;0.8304955;0.7908581;0.8812909;0.9709506
G211;0;0;0;0;0;0;0;0;0;0;0;0;0;0;0;0;1.45506;1.436884;1.192156;1.19028;1.183703;0.8960383;0.7691928;0.9709506;0.9777946
G212;0;0;0;0;0;0;0;0;0;0;0;0;0;0;0;0;1.530152;1.493469;1.065067;0.9837083;0.9709506;0.9219085;0.8485482;0.9447389;0.9224062
G213;0;0;0;0;0;0;0;0;0;0;0;0;0;0;0;0;1.393768;1.429539;0.9927744;0.9995492;0.9981959;0.949596;0.8388401;0.9396503;0.8812909
G214;0;0;0;0;0;0;0;0;0;0;0;0;0;0;0;0;1.491829;1.418049;1.08433;1.083417;1.078845;0.928527;0.9717546;1.023183;0.9777946
G215;0;0;0;0;0;0;0;0;0;0;0;0;0;0;0;0;1.424274;1.447218;1.08433;1.081589;1.08433;1.057111;0.9637382;1.077419;0.9340681
G216;0;0;0;0;0;0;0;0;0;0;0;0;0;0;0;0;1.425574;1.401996;1.13625;1.193093;1.192156;1.076298;1.026076;0.949596;0.8960383
G217;0;0;0;0;0;0;0;0;0;0;0;0;0;0;0;0;1.446532;1.405639;1.141811;1.132069;1.126948;0.8388401;0.7691928;0.8485482;0.9562556
G218;0;0;0;0;0;0;0;0;0;0;0;0;0;0;0;0;1.454868;1.433664;1.065067;1.08433;1.083417;0.7038341;0.8304955;0.8654699;0.986174
G219;0;0;0;0;0;0;0;0;0;0;0;0;0;0;0;0;1.418564;1.413921;1.187464;1.159087;1.143198;0.7624671;0.7219281;0.8960383;0.9097362
G220;0;0;0;0;0;0;0;0;0;0;0;0;0;0;0;0;1.312579;1.342842;1.081589;1.141811;1.126948;0.8828773;0.8388401;0.9995379;0.954434
G221;0;0;0;0;0;0;0;0;0;0;0;0;0;0;0;0;1.379482;1.416361;1.132069;1.141811;1.081589;1.026076;0.9717546;0.9562556;1.075982
G222;0;0;0;0;0;0;0;0;0;0;0;0;0;0;0;0;1.364482;1.472246;1.070589;1.08433;0.9709506;1.021719;0.8654699;0.8960383;0.9447389
G223;0;0;0;0;0;0;0;0;0;0;0;0;0;0;0;0;1.508574;1.538949;1.078845;1.078845;1.0512;0.8615078;0.8812909;0.8304955;1.023183
G224;0;0;0;0;0;0;0;0;0;0;0;0;0;0;0;0;1.476545;1.526707;1.058607;1.042834;1.078845;1.011868;0.8112781;0.8485482;1.023183
G225;0;0;0;0;0;0;0;0;0;0;0;0;0;0;0;0;1.507463;1.494016;1.081589;1.078845;1.078845;0.9396503;0.8812909;0.8654699;0.9995379
G226;0;0;0;0;0;0;0;0;0;0;0;0;0;0;0;0;1.543611;1.566619;1.12088;1.141811;1.058607;0.9029968;0.7219281;0.8112781;0.986174
G227;0;0;0;0;0;0;0;0;0;0;0;0;0;0;0;0;1.440023;1.507463;1.210155;1.285285;1.126948;0.928527;0.7339815;0.9029968;0.882426
G228;0;0;0;0;0;0;0;0;0;0;0;0;0;0;0;0;1.45931;1.516849;1.232121;1.19028;1.140908;1.03689;0.7908581;0.9219085;1.011868
G229;0;0;0;0;0;0;0;0;0;0;0;0;0;0;0;0;1.471151;1.471151;1.26019;1.269433;1.187464;0.9694098;0.8615078;0.9396503;1.058607
G230;0;0;0;0;0;0;0;0;0;0;0;0;0;0;0;0;1.474233;1.534859;1.268891;1.188376;1.197589;0.9219085;0.7908581;0.7691928;0.8654699
G231;0;0;0;0;0;0;0;0;0;0;0;0;0;0;0;0;1.424274;1.466823;1.13625;1.075982;1.113856;0.8615078;0.8654699;0.8112781;0.7462343
G232;0;0;0;0;0;0;0;0;0;0;0;0;0;0;0;0;1.493469;1.489091;0.9631673;1.0512;1.075179;0.9396503;0.8485482;0.6690159;0.8812909
G233;0;0;0;0;0;0;0;0;0;0;0;0;0;0;0;0;1.457717;1.474233;1.058607;1.058607;1.070589;0.906155;0.8615078;0.8615078;0.9880106
G234;0;0;0;0;0;0;0;0;0;0;0;0;0;0;0;0;1.466823;1.474233;1.139495;1.105867;1.0335;0.7893861;0.9219085;0.6690159;0.986174
G235;0;0;0;0;0;0;0;0;0;0;0;0;0;0;0;0;1.485251;1.49744;1.078845;1.065067;1.083417;0.882426;0.9219085;0.8615078;0.7339815
G236;0;0;0;0;0;0;0;0;0;0;0;0;0;0;0;0;1.507463;1.530152;0.9927744;0.9981959;0.9981959;0.7073436;0.9694098;0.9880106;0.9097362
G237;0;0;0;0;0;0;0;0;0;0;0;0;0;0;0;0;1.489091;1.522101;0.9631673;0.9447389;0.9777946;0.8388401;1.04436;1.092256;1.011868
G238;0;0;0;0;0;0;0;0;0;0;0;0;0;0;0;0;1.505241;1.521364;0.9886994;0.9959386;0.954434;0.8388401;0.9219085;0.9396503;0.9959386
G239;0;0;0;0;0;0;0;0;0;0;0;0;0;0;0;0;1.516849;1.49744;1.0512;1.065067;1.065067;0.7908581;0.8654699;0.8112781;1.021719
G240;0;0;0;0;0;0;0;0;0;0;0;0;0;0;0;0;1.555859;1.551631;1.075179;1.058607;0.9631673;0.8485482;0.9097362;0.8485482;1.0969
G241;0;0;0;0;0;0;0;0;0;0;0;0;0;0;0;0;1.493469;1.476545;1.139495;1.075179;1.075179;0.7462343;1.011868;0.8304955;1.011868
G242;0;0;0;0;0;0;0;0;0;0;0;0;0;0;0;0;1.532446;1.522101;1.0512;1.0512;0.9340681;0.7908581;0.7462343;0.8112781;0.9995379
G243;0;0;0;0;0;0;0;0;0;0;0;0;0;0;0;0;1.516327;1.509372;1.132069;1.113856;1.141811;0.8572781;0.8388401;0.8615078;0.9097362
G244;0;0;0;0;0;0;0;0;0;0;0;0;0;0;0;0;1.526707;1.512888;1.143198;1.12088;1.143661;0.9396503;1.011868;0.8654699;0.9029968
G245;0;0;0;0;0;0;0;0;0;0;0;0;0;0;0;0;1.340446;1.436884;1.139495;1.105867;1.065067;1.005436;1.050976;1.050976;1.005436
G246;0;0;0;0;0;0;0;0;0;0;0;0;0;0;0;0;1.538949;1.507781;1.083417;1.065067;1;0.928527;0.9694098;1.042834;1.092256
G247;0;0;0;0;0;0;0;0;0;0;0;0;0;0;0;0;1.405639;1.356432;1.143198;1.126948;1.058607;1.106001;1.04436;0.9219085;1.03689
G248;0;0;0;0;0;0;0;0;0;0;0;0;0;0;0;0;1.466823;1.461399;0.9959386;0.9777946;0.8960383;0.9219085;0.949596;0.9562556;0.8615078
G249;0;0;0;0;0;0;0;0;0;0;0;0;0;0;0;0;1.507781;1.436884;0.9777946;0.954434;0.9340681;0.9995379;0.986174;0.9029968;1.021719
G250;0;0;0;0;0;0;0;0;0;0;0;0;0;0;0;0;1.471151;1.436884;1.070589;1.058607;0.986174;1.0969;1.042834;0.9694098;1.188376
G251;0;0;0;0;0;0;0;0;0;0;0;0;0;0;0;0;1.451334;1.43374;0.9447389;0.9709506;0.9340681;1.04436;1.006573;0.9403048;1.130307
G252;0;0;0;0;0;0;0;0;0;0;0;0;0;0;0;0;1.45506;1.49744;0.9777946;0.9097362;0.9837083;0.8148202;0.9880106;0.9396503;1.026076
G253;0;0;0;0;0;0;0;0;0;0;0;0;0;0;0;0;1.429539;1.446532;1.0335;0.8812909;0.8812909;0.7624671;0.8615078;0.8148202;1.005436
G254;0;0;0;0;0;0;0;0;0;0;0;0;0;0;0;0;1.384596;1.440645;0.9709506;0.9709506;0.9097362;0.8024328;1.021719;0.8572781;0.9880106
G255;0;0;0;0;0;0;0;0;0;0;0;0;0;0;0;0;1.385295;1.385295;0.9447389;0.9224062;0.8960383;0.6962123;0.7908581;0.7462343;1.188376
G256;0;0;0;0;0;0;0;0;0;0;0;0;0;0;0;0;1.405639;1.334508;0.9886994;0.954434;0.9097362;0.6690159;0.7462343;0.7691928;0.9396503
G257;0;0;0;0;0;0;0;0;0;0;0;0;0;0;0;0;1.337479;1.325567;1.081589;0.9447389;0.9886994;0.4689956;0.8112781;0.8485482;1.075982
G258;0;0;0;0;0;0;0;0;0;0;0;0;0;0;0;0;1.273708;1.385295;1.078845;1.023183;0.9631673;0.7339815;0.8148202;0.7624671;0.986174
G259;0;0;0;0;0;0;0;0;0;0;0;0;0;0;0;0;1.43374;1.446532;1.070589;1.065067;1.0512;0.7219281;0.640257;0.7691928;1.065067
G260;0;0;0;0;0;0;0;0;0;0;0;0;0;0;0;0;1.508574;1.494016;1.193093;1.159087;1.0969;0.7908581;0.8615078;0.8654699;0.9995492
G261;0;0;0;0;0;0;0;0;0;0;0;0;0;0;0;0;1.480301;1.454868;1.132069;1.0969;1.023183;0.8828773;0.8572781;0.8828773;0.9396503
G262;0;0;0;0;0;0;0;0;0;0;0;0;0;0;0;0;1.491846;1.433664;1.139495;1.140908;1.183703;0.8388401;0.9219085;0.9224062;1.0335
G263;0;0;0;0;0;0;0;0;0;0;0;0;0;0;0;0;1.50152;1.457895;1.13625;1.126948;1.0969;0.6962123;0.8654699;0.6962123;0.9029968
G264;0;0;0;0;0;0;0;0;0;0;0;0;0;0;0;0;1.474389;1.507781;1.139495;1.178992;1.0969;0.8148202;0.9219085;0.9219085;1.005436
G265;0;0;0;0;0;0;0;0;0;0;0;0;0;0;0;0;1.477217;1.440645;1.058607;1.058607;0.9959386;0.906155;0.906155;0.9880106;0.9447389
G266;0;0;0;0;0;0;0;0;0;0;0;0;0;0;0;0;1.48511;1.484966;1.065067;1.058607;1.042834;0.949596;0.906155;0.9880106;0.8654699
G267;0;0;0;0;0;0;0;0;0;0;0;0;0;0;0;0;1.522101;1.471151;0.9981959;0.9097362;0.9097362;0.8611705;1.036659;0.9411389;0.8304955
G268;0;0;0;0;0;0;0;0;0;0;0;0;0;0;0;0;1.471151;1.491846;1.078845;0.9447389;0.9097362;0.7669013;0.9637382;1.021719;0.9224062
G269;0;0;0;0;0;0;0;0;0;0;0;0;0;0;0;0;1.461399;1.424274;0.9709506;0.8654699;0.9097362;0.8200619;1.178144;1.141154;0.954434
G270;0;0;0;0;0;0;0;0;0;0;0;0;0;0;0;0;1.481253;1.469392;0.9777946;0.9447389;0.9631673;1.006573;1.026076;0.9858096;0.9396503
G271;0;0;0;0;0;0;0;0;0;0;0;0;0;0;0;0;1.468152;1.438435;0.9927744;0.9631673;0.9224062;0.906155;0.9880106;1.03689;0.9631673
G272;0;0;0;0;0;0;0;0;0;0;0;0;0;0;0;0;1.454868;1.485475;1.187464;1.159087;1.105867;0.8024328;0.9562556;0.9396503;0.8485482
G273;0;0;0;0;0;0;0;0;0;0;0;0;0;0;0;0;1.476545;1.505241;1.081589;1.132069;1.105867;0.7462343;0.8654699;0.6962123;0.9709506
G274;0;0;0;0;0;0;0;0;0;0;0;0;0;0;0;0;1.485251;1.491846;1.178992;1.150496;1.005436;0.8112781;0.8960383;0.8304955;1.042834
G275;0;0;0;0;0;0;0;0;0;0;0;0;0;0;0;0;1.477217;1.469392;0.9886994;1.132069;0.9562556;0.7219281;0.8812909;0.8485482;0.9631673
G276;0;0;0;0;0;0;0;0;0;0;0;0;0;0;0;0;1.404455;1.370951;0.954434;0.9631673;0.9631673;0.9396503;1.011868;1.023183;0.9709506
G277;0;0;0;0;0;0;0;0;0;0;0;0;0;0;0;0;1.456243;1.441772;0.9959386;0.9709506;0.986174;0.8828773;0.9562556;0.9396503;0.9224062
G278;0;0;0;0;0;0;0;0;0;0;0;0;0;0;0;0;1.472246;1.473196;0.9886994;0.9959386;0.9631673;0.9219085;0.9995379;0.8828773;0.9709506
G279;0;0;0;0;0;0;0;0;0;0;0;0;0;0;0;0;1.356592;1.352724;1.075179;1.023183;1.083417;0.906155;1.063999;1.050976;0.9224062
G280;0;0;0;0;0;0;0;0;0;0;0;0;0;0;0;0;1.383437;1.376804;0.9981959;0.9927744;0.9709506;0.8615078;0.9396503;0.986174;0.9224062
G281;0;0;0;0;0;0;0;0;0;0;0;0;0;0;0;0;1.348501;1.376804;0.9981959;0.9959386;1;0.9029968;0.9029968;0.9396503;0.9562556
G282;0;0;0;0;0;0;0;0;0;0;0;0;0;0;0;0;1.285285;1.35515;0.9709506;0.9959386;0.954434;0.7691928;0.8112781;0.9097362;0.9396503
G283;0;0;0;0;0;0;0;0;0;0;0;0;0;0;0;0;1.480301;1.461399;0.9709506;0.9995492;0.9959386;0.7908581;0.7691928;0.8654699;1.050976
G284;0;0;0;0;0;0;0;0;0;0;0;0;0;0;0;0;1.447218;1.4385;0.9927744;0.9995492;0.9959386;0.8112781;0.8812909;0.8112781;0.986174
G285;0;0;0;0;0;0;0;0;0;0;0;0;0;0;0;0;1.457895;1.452327;0.9927744;0.9995492;0.9631673;0.906155;0.9694098;0.8812909;0.9995379
G286;0;0;0;0;0;0;0;0;0;0;0;0;0;0;0;0;1.461399;1.481253;1.083417;1.042834;1.083417;0.9694098;0.906155;0.8572781;0.9396503
G287;0;0;0;0;0;0;0;0;0;0;0;0;0;0;0;0;1.393146;1.366315;1.143661;1.126948;1.058607;0.8615078;0.9562556;0.7038341;1.058607
G288;0;0;0;0;0;0;0;0;0;0;0;0;0;0;0;0;1.458691;1.428501;1.193093;1.178992;1.132069;0.8615078;0.8828773;0.9562556;0.9340681
G289;0;0;0;0;0;0;0;0;0;0;0;0;0;0;0;0;1.405639;1.410515;1.193093;1.166693;1.105867;0.8615078;0.8148202;0.882426;0.8654699
G290;0;0;0;0;0;0;0;0;0;0;0;0;0;0;0;0;1.522101;1.480301;1.141811;1.183703;1.141811;0.7725586;0.928527;0.9396503;0.9224062
G291;0;0;0;0;0;0;0;0;0;0;0;0;0;0;0;0;1.533229;1.477217;1.271782;1.27787;1.22879;0.6719128;0.9029968;0.9717546;0.986174
G292;0;0;0;0;0;0;0;0;0;0;0;0;0;0;0;0;1.523118;1.511829;1.235922;1.239741;1.173325;0.9917601;1.077419;0.9858096;0.8304955
G293;0;0;0;0;0;0;0;0;0;0;0;0;0;0;0;0;1.429539;1.454868;1.268891;1.265028;1.166693;0.9562556;0.9717546;0.8615078;0.7908581
G294;0;0;0;0;0;0;0;0;0;0;0;0;0;0;0;0;1.373327;1.438435;1.166693;1.178992;1.187464;0.6962123;0.8654699;0.7908581;0.8485482
G295;0;0;0;0;0;0;0;0;0;0;0;0;0;0;0;0;1.461399;1.429539;1.193093;1.0969;1.141811;0.7691928;0.8304955;0.8812909;1.03689
G296;0;0;0;0;0;0;0;0;0;0;0;0;0;0;0;0;1.4385;1.416361;1.26019;1.268891;1.205796;0.9219085;0.8828773;0.9717546;0.949596
G297;0;0;0;0;0;0;0;0;0;0;0;0;0;0;0;0;1.452327;1.446425;1.193093;1.178144;1.132069;0.7219281;0.8812909;0.7908581;0.9562556
G298;0;0;0;0;0;0;0;0;0;0;0;0;0;0;0;0;1.485251;1.528184;1.187464;1.193093;1.178992;0.8388401;0.986174;0.9396503;1.092256
G299;0;0;0;0;0;0;0;0;0;0;0;0;0;0;0;0;1.494016;1.549659;1.368495;1.327986;1.339458;0.7691928;0.7908581;0.8304955;1.077419
G300;0;0;0;0;0;0;0;0;0;0;0;0;0;0;0;0;1.522101;1.529586;1.391733;1.326502;1.318237;0.6098403;0.7691928;0.8960383;1.086944
G301;0;0;0;0;0;0;0;0;0;0;0;0;0;0;0;0;1.491846;1.480301;1.410515;1.369684;1.312579;0.6690159;0.8812909;0.7691928;1.075982
G302;0;0;0;0;0;0;0;0;0;0;0;0;0;0;0;0;1.526707;1.549395;1.291687;1.273708;1.301498;0.6962123;0.8304955;0.7893861;1.03689
G303;0;0;0;0;0;0;0;0;0;0;0;0;0;0;0;0;1.494089;1.474233;1.254369;1.271782;1.235922;0.8828773;0.9717546;0.8615078;1.118678
G304;0;0;0;0;0;0;0;0;0;0;0;0;0;0;0;0;1.45506;1.523118;1.271782;1.268891;1.265028;0.8148202;0.8615078;0.9029968;1.021719
G305;0;0;0;0;0;0;0;0;0;0;0;0;0;0;0;0;1.474389;1.457717;1.273708;1.268891;1.271782;0.8148202;0.8388401;0.8148202;0.986174
G306;0;0;0;0;0;0;0;0;0;0;0;0;0;0;0;0;1.519672;1.551631;1.307361;1.268891;1.178992;0.8812909;0.8828773;0.9995379;0.9562556
G307;0;0;0;0;0;0;0;0;0;0;0;0;0;0;0;0;1.45931;1.508574;1.307361;1.30492;1.26019;0.640257;0.8828773;0.8112781;0.8112781
G308;0;0;0;0;0;0;0;0;0;0;0;0;0;0;0;0;1.474233;1.50122;1.340446;1.295462;1.334508;0.8304955;0.9396503;0.9562556;1.0335
G309;0;0;0;0;0;0;0;0;0;0;0;0;0;0;0;0;1.48511;1.475659;1.232121;1.234498;1.265028;0.7691928;0.9396503;0.9219085;1.005436
G310;0;0;0;0;0;0;0;0;0;0;0;0;0;0;0;0;1.50152;1.457895;1.224498;1.235922;1.22879;0.9403048;0.9694098;1.061464;1.118678
G311;0;0;0;0;0;0;0;0;0;0;0;0;0;0;0;0;1.50152;1.484966;1.166693;1.188376;1.140908;0.9396503;0.949596;0.8828773;1.106001
G312;0;0;0;0;0;0;0;0;0;0;0;0;0;0;0;0;1.468152;1.425942;1.224498;1.166693;1.126948;0.7462343;0.8828773;0.6690159;1.166875
G313;0;0;0;0;0;0;0;0;0;0;0;0;0;0;0;0;1.454868;1.336666;1.126948;1.021719;1.126948;0.7219281;0.8960383;0.8654699;1.154552
G314;0;0;0;0;0;0;0;0;0;0;0;0;0;0;0;0;1.424274;1.42661;1.021719;1.021719;1.086944;0.7691928;0.9224062;0.6962123;1.150496
G315;0;0;0;0;0;0;0;0;0;0;0;0;0;0;0;0;1.385295;1.419737;1.061464;1.061464;1.04436;0.7462343;0.7462343;0.8112781;0.9995379
G316;0;0;0;0;0;0;0;0;0;0;0;0;0;0;0;0;1.326502;1.249436;1.132069;1.023183;1.132069;0.8112781;0.7908581;0.9224062;0.8828773
G317;0;0;0;0;0;0;0;0;0;0;0;0;0;0;0;0;1.338058;1.326502;1.187464;1.075982;1.075982;0.6962123;0.8654699;0.9097362;0.986174
G318;0;0;0;0;0;0;0;0;0;0;0;0;0;0;0;0;1.376357;1.399111;1.011868;1.0512;1.0335;0.6690159;0.7725586;0.8112781;0.9396503
G319;0;0;0;0;0;0;0;0;0;0;0;0;0;0;0;0;1.401996;1.419737;1.075179;1.058607;1.0512;0.8615078;0.7462343;0.9224062;0.9995379
G320;0;0;0;0;0;0;0;0;0;0;0;0;0;0;0;0;1.425574;1.385295;1.078845;1.0512;1.065067;0.8304955;0.7691928;0.8812909;0.8960383
G321;0;0;0;0;0;0;0;0;0;0;0;0;0;0;0;0;1.385295;1.438759;1.0969;1.063999;1.105867;0.7339815;0.8388401;0.9562556;0.9709506
G322;0;0;0;0;0;0;0;0;0;0;0;0;0;0;0;0;1.350376;1.328231;1.0969;1.03689;1.075982;0.6962123;0.8654699;0.8654699;0.8812909
G323;0;0;0;0;0;0;0;0;0;0;0;0;0;0;0;0;1.404455;1.391575;1.173325;1.118678;1.173325;0.9097362;0.6690159;0.8960383;0.9995379
G324;0;0;0;0;0;0;0;0;0;0;0;0;0;0;0;0;1.309963;1.282779;1.235922;1.185148;1.130307;0.8388401;0.8148202;0.9717546;1.065067
G325;0;0;0;0;0;0;0;0;0;0;0;0;0;0;0;0;1.304435;1.306928;1.239741;1.239741;1.21301;0.7691928;0.7908581;0.8112781;0.8148202
G326;0;0;0;0;0;0;0;0;0;0;0;0;0;0;0;0;1.360746;1.343364;1.21301;1.188376;1.219241;0.9717546;0.8960383;0.8304955;0.986174
G327;0;0;0;0;0;0;0;0;0;0;0;0;0;0;0;0;1.299427;1.251509;1.230912;1.221056;1.247556;0.7219281;0.8112781;0.8485482;1.075982
G328;0;0;0;0;0;0;0;0;0;0;0;0;0;0;0;0;1.12035;1.096706;1.269433;1.27787;1.230912;0.7691928;0.9340681;0.9224062;1.130307
G329;0;0;0;0;0;0;0;0;0;0;0;0;0;0;0;0;1.222138;1.167621;1.254369;1.185148;1.178144;0.8485482;0.8812909;0.8654699;1.183703
G330;0;0;0;0;0;0;0;0;0;0;0;0;0;0;0;0;1.381792;1.387832;1.337479;1.307361;1.25996;0.8485482;0.8112781;0.9880106;1.105867
G331;0;0;0;0;0;0;0;0;0;0;0;0;0;0;0;0;1.370951;1.329434;1.192156;1.178992;1.183703;1.023183;0.9340681;0.9777946;1.092256
G332;0;0;0;0;0;0;0;0;0;0;0;0;0;0;0;0;1.326502;1.350376;1.219241;1.198192;1.178992;0.8654699;0.8112781;0.9447389;0.8960383
G333;0;0;0;0;0;0;0;0;0;0;0;0;0;0;0;0;1.376804;1.324611;1.339458;1.297089;1.309312;0.7691928;0.8112781;0.8960383;0.9447389
G334;0;0;0;0;0;0;0;0;0;0;0;0;0;0;0;0;1.449186;1.405096;1.340446;1.312579;1.339458;0.8960383;0.8812909;0.8960383;0.9709506
G335;0;0;0;0;0;0;0;0;0;0;0;0;0;0;0;0;1.474389;1.440645;1.291687;1.295462;1.340446;0.9995379;0.8812909;0.8654699;0.9631673
G336;0;0;0;0;0;0;0;0;0;0;0;0;0;0;0;0;1.494089;1.472246;1.413921;1.405639;1.319583;0.9562556;0.9396503;1.023183;0.9447389
G337;0;0;0;0;0;0;0;0;0;0;0;0;0;0;0;0;1.484966;1.456243;1.45931;1.424274;1.405639;0.986174;0.8388401;1.023183;0.8812909
G338;0;0;0;0;0;0;0;0;0;0;0;0;0;0;0;0;1.417937;1.416361;1.433664;1.433664;1.410515;0.986174;0.9029968;1.011868;0.9777946
G339;0;0;0;0;0;0;0;0;0;0;0;0;0;0;0;0;1.417395;1.387832;1.493469;1.384596;1.476545;0.8812909;0.7462343;0.8654699;0.954434
G340;0;0;0;0;0;0;0;0;0;0;0;0;0;0;0;0;1.457895;1.456243;1.466823;1.494016;1.477622;0.8654699;0.8304955;0.7462343;0.8960383
G341;0;0;0;0;0;0;0;0;0;0;0;0;0;0;0;0;1.416361;1.42661;1.480301;1.494016;1.493469;0.928527;0.830641;0.986174;1.0512
G342;0;0;0;0;0;0;0;0;0;0;0;0;0;0;0;0;1.468152;1.416361;1.532446;1.507781;1.49744;0.928527;0.7073436;0.9880106;0.9694098
G343;0;0;0;0;0;0;0;0;0;0;0;0;0;0;0;0;1.507781;1.519756;1.507463;1.485475;1.491854;1.04436;0.9154479;1.106001;1.042834
G344;0;0;0;0;0;0;0;0;0;0;0;0;0;0;0;0;1.475659;1.452327;1.511829;1.533229;1.53155;0.949596;0.9880106;0.986174;1.105867
G345;0;0;0;0;0;0;0;0;0;0;0;0;0;0;0;0;1.446425;1.407647;1.491854;1.516327;1.494089;1.021719;1.005436;0.9880106;1.105867
G346;0;0;0;0;0;0;0;0;0;0;0;0;0;0;0;0;1.541954;1.499098;1.528184;1.484966;1.4385;0.8485482;0.8615078;1.042834;0.9717546
G347;0;0;0;0;0;0;0;0;0;0;0;0;0;0;0;0;1.472246;1.366315;1.499098;1.528184;1.515441;0.8615078;0.8615078;0.9447389;0.9631673
G348;0;0;0;0;0;0;0;0;0;0;0;0;0;0;0;0;1.49744;1.50122;1.522337;1.491854;1.50152;0.9447389;0.9029968;0.9396503;0.9562556
G349;0;0;0;0;0;0;0;0;0;0;0;0;0;0;0;0;1.474233;1.475659;1.53155;1.534859;1.54618;0.9562556;0.8148202;0.8654699;1.0335
G350;0;0;0;0;0;0;0;0;0;0;0;0;0;0;0;0;1.373327;1.428501;1.558872;1.558872;1.555859;0.7691928;0.8148202;0.8960383;1.086944
G351;0;0;0;0;0;0;0;0;0;0;0;0;0;0;0;0;1.392364;1.366315;1.546099;1.532446;1.533591;0.7691928;0.7219281;0.8812909;0.986174
G352;0;0;0;0;0;0;0;0;0;0;0;0;0;0;0;0;1.330539;1.392364;1.491829;1.493469;1.45931;0.8148202;0.8572781;1.021719;0.9995379
G353;0;0;0;0;0;0;0;0;0;0;0;0;0;0;0;0;1.457717;1.43374;1.519672;1.457717;1.438977;0.8611705;0.9637382;1.092256;0.986174
G354;0;0;0;0;0;0;0;0;0;0;0;0;0;0;0;0;1.418049;1.471151;1.477622;1.438977;1.368495;0.906155;0.9694098;1.021719;1.0512
G355;0;0;0;0;0;0;0;0;0;0;0;0;0;0;0;0;1.491829;1.489091;1.416502;1.366991;1.336666;1.092256;1.026076;1.077419;1.126948
G356;0;0;0;0;0;0;0;0;0;0;0;0;0;0;0;0;1.393768;1.45506;1.45931;1.379482;1.440023;1.014893;0.9917601;1.126657;1.159087
G357;0;0;0;0;0;0;0;0;0;0;0;0;0;0;0;0;1.45984;1.477622;1.508574;1.418564;1.373327;0.9403048;0.9858096;0.928527;1.166693
G358;0;0;0;0;0;0;0;0;0;0;0;0;0;0;0;0;1.45931;1.505241;1.516849;1.493469;1.440023;1.014098;1.014098;1.198192;1.086944
G359;0;0;0;0;0;0;0;0;0;0;0;0;0;0;0;0;1.391733;1.477622;1.515441;1.507463;1.521928;0.9917601;0.9671989;1.061464;1.03689
G360;0;0;0;0;0;0;0;0;0;0;0;0;0;0;0;0;1.543611;1.521928;1.55321;1.55321;1.544193;0.9671989;0.8611705;1.077419;1.188376
G361;0;0;0;0;0;0;0;0;0;0;0;0;0;0;0;0;1.519672;1.521364;1.399924;1.405639;1.451334;0.9637382;0.9411389;1.077419;1.077419
G362;0;0;0;0;0;0;0;0;0;0;0;0;0;0;0;0;1.549659;1.526707;1.480301;1.461399;1.45506;0.7725586;0.9694098;0.9694098;1.0335
G363;0;0;0;0;0;0;0;0;0;0;0;0;0;0;0;0;1.552027;1.560677;1.50152;1.516849;1.50152;0.7893861;0.8388401;0.9995379;1.155717
G364;0;0;0;0;0;0;0;0;0;0;0;0;0;0;0;0;1.512888;1.451334;1.494089;1.501902;1.446532;0.7624671;0.7219281;0.8654699;1.221056
G365;0;0;0;0;0;0;0;0;0;0;0;0;0;0;0;0;1.522101;1.55321;1.49744;1.471151;1.466823;0.7908581;0.8828773;1.023183;1.285321
G366;0;0;0;0;0;0;0;0;0;0;0;0;0;0;0;0;1.533591;1.522101;1.526707;1.493469;1.493469;0.7908581;0.7691928;0.9097362;1.075982
G367;0;0;0;0;0;0;0;0;0;0;0;0;0;0;0;0;1.530152;1.533591;1.533229;1.563567;1.486818;0.8615078;0.7624671;0.8654699;0.9709506
G368;0;0;0;0;0;0;0;0;0;0;0;0;0;0;0;0;1.532446;1.541864;1.571059;1.55321;1.529586;0.8304955;0.6098403;0.8812909;0.9777946
G369;0;0;0;0;0;0;0;0;0;0;0;0;0;0;0;0;1.56417;1.532446;1.452327;1.49744;1.480301;0.8148202;0.8148202;0.8828773;0.9717546
G370;0;0;0;0;0;0;0;0;0;0;0;0;0;0;0;0;1.538949;1.530152;1.417937;1.410515;1.376357;1.026076;0.882426;1.026076;1.023183
G371;0;0;0;0;0;0;0;0;0;0;0;0;0;0;0;0;1.501902;1.501902;1.369684;1.451334;1.413921;0.7908581;0.7219281;0.9709506;1.023183
G372;0;0;0;0;0;0;0;0;0;0;0;0;0;0;0;0;1.515441;1.523196;1.48511;1.493469;1.438435;0.7691928;0.8112781;0.9447389;1.050976
G373;0;0;0;0;0;0;0;0;0;0;0;0;0;0;0;0;1.499098;1.491854;1.522101;1.533591;1.45506;0.9097362;0.9396503;0.9097362;1.021719
G374;0;0;0;0;0;0;0;0;0;0;0;0;0;0;0;0;1.535374;1.542774;1.506537;1.541864;1.446532;0.9097362;0.7691928;0.8812909;1.106001
G375;0;0;0;0;0;0;0;0;0;0;0;0;0;0;0;0;1.424274;1.496387;1.425574;1.461399;1.393768;0.9717546;0.8615078;0.9224062;1.005436
G376;0;0;0;0;0;0;0;0;0;0;0;0;0;0;0;0;1.549395;1.535374;1.461399;1.474233;1.45506;0.9880106;0.928527;1.03689;1.092256
G377;0;0;0;0;0;0;0;0;0;0;0;0;0;0;0;0;1.522337;1.50152;1.474233;1.505241;1.474389;0.9717546;0.8148202;1.042834;1.178144
G378;0;0;0;0;0;0;0;0;0;0;0;0;0;0;0;0;1.496387;1.485475;1.433664;1.466823;1.3816;1.03689;0.8572781;1.021719;1.185148
G379;0;0;0;0;0;0;0;0;0;0;0;0;0;0;0;0;1.48511;1.485475;1.491854;1.538949;1.446425;1.04436;1.014893;1.006573;1.159087
G380;0;0;0;0;0;0;0;0;0;0;0;0;0;0;0;0;1.424274;1.4385;1.516327;1.530152;1.447218;0.9694098;0.882426;0.9880106;0.9447389
G381;0;0;0;0;0;0;0;0;0;0;0;0;0;0;0;0;1.480301;1.509372;1.530152;1.519672;1.477217;1.155717;0.9671989;1.063999;1.011868
G382;0;0;0;0;0;0;0;0;0;0;0;0;0;0;0;0;1.532446;1.519672;1.523118;1.55321;1.526707;1.130307;0.9154479;1.0969;0.9447389
G383;0;0;0;0;0;0;0;0;0;0;0;0;0;0;0;0;1.521364;1.56417;1.472246;1.543611;1.50122;1.111035;1.014893;1.126657;0.9340681
G384;0;0;0;0;0;0;0;0;0;0;0;0;0;0;0;0;1.505241;1.541341;1.541954;1.57401;1.472246;0.8485482;0.6098403;0.8485482;0.8304955
G385;0;0;0;0;0;0;0;0;0;0;0;0;0;0;0;0;1.476545;1.558872;1.499098;1.55321;1.480301;0.9995379;0.7624671;0.8828773;0.8654699
G386;0;0;0;0;0;0;0;0;0;0;0;0;0;0;0;0;1.493469;1.519672;1.560489;1.56417;1.501902;1.0512;0.8388401;0.9717546;0.9097362
G387;0;0;0;0;0;0;0;0;0;0;0;0;0;0;0;0;1.508574;1.555859;1.561278;1.555859;1.530152;1.154552;0.9917601;0.9562556;0.7893861
G388;0;0;0;0;0;0;0;0;0;0;0;0;0;0;0;0;1.491829;1.549395;1.561278;1.567843;1.519672;0.949596;0.7725586;1.021719;0.9562556
G389;0;0;0;0;0;0;0;0;0;0;0;0;0;0;0;0;1.543611;1.563567;1.538949;1.543611;1.505241;0.9880106;0.9403048;1.150496;1.0969
G390;0;0;0;0;0;0;0;0;0;0;0;0;0;0;0;0;1.546099;1.529586;1.541864;1.541341;1.491846;0.7908581;0.7691928;0.9447389;0.9396503
G391;0;0;0;0;0;0;0;0;0;0;0;0;0;0;0;0;1.560489;1.563567;1.538949;1.549659;1.461399;0.8304955;0.7691928;0.9447389;0.9219085
G392;0;0;0;0;0;0;0;0;0;0;0;0;0;0;0;0;1.583374;1.577812;1.558872;1.543611;1.491846;0.9029968;0.9029968;0.9717546;0.8615078
G393;0;0;0;0;0;0;0;0;0;0;0;0;0;0;0;0;1.543611;1.571059;1.552027;1.538949;1.516849;0.8654699;0.7691928;0.8304955;0.8654699
G394;0;0;0;0;0;0;0;0;0;0;0;0;0;0;0;0;1.522101;1.523118;1.543611;1.551631;1.521364;0.9396503;0.8615078;1.011868;0.9097362
G395;0;0;0;0;0;0;0;0;0;0;0;0;0;0;0;0;1.567843;1.575483;1.523118;1.532446;1.491829;0.7908581;0.7893861;0.9219085;0.8485482
G396;0;0;0;0;0;0;0;0;0;0;0;0;0;0;0;0;1.56417;1.581291;1.526707;1.560677;1.521928;0.8828773;0.9396503;0.9396503;1.042834
G397;0;0;0;0;0;0;0;0;0;0;0;0;0;0;0;0;1.56417;1.583374;1.577812;1.576545;1.54618;0.8828773;0.5640275;0.8388401;1.021719
G398;0;0;0;0;0;0;0;0;0;0;0;0;0;0;0;0;1.581291;1.572926;1.55321;1.552027;1.549659;0.6962123;0.5776539;0.8654699;1.03689
G399;0;0;0;0;0;0;0;0;0;0;0;0;0;0;0;0;1.580647;1.583374;1.571059;1.572926;1.566619;0.8615078;0.7339815;0.9029968;0.9396503
G400;0;0;0;0;0;0;0;0;0;0;0;0;0;0;0;0;1.575483;1.583374;1.575483;1.580647;1.560677;0.9637382;1.036659;1.118678;1.050976
G401;0;0;0;0;0;0;0;0;0;0;0;0;0;0;0;0;1.579434;1.57401;1.572926;1.561278;1.57401;0.906155;0.8572781;0.928527;0.9224062
G402;0;0;0;0;0;0;0;0;0;0;0;0;0;0;0;0;1.579434;1.570199;1.563567;1.565103;1.584068;0.9880106;1.005436;1.0512;1.023183
G403;0;0;0;0;0;0;0;0;0;0;0;0;0;0;0;0;1.583374;1.551631;1.558708;1.56417;1.56662;0.8615078;0.9562556;0.9995379;1.077419
G404;0;0;0;0;0;0;0;0;0;0;0;0;0;0;0;0;1.584068;1.560489;1.571059;1.583374;1.582062;0.9717546;0.9717546;1.011868;1.118678
G405;0;0;0;0;0;0;0;0;0;0;0;0;0;0;0;0;1.577812;1.552027;1.580647;1.575483;1.565103;0.8654699;0.6962123;0.9097362;1.185148
G406;0;0;0;0;0;0;0;0;0;0;0;0;0;0;0;0;1.567941;1.570199;1.575483;1.567941;1.560677;0.8148202;0.8304955;0.954434;0.9880106
G407;0;0;0;0;0;0;0;0;0;0;0;0;0;0;0;0;1.567941;1.584068;1.581291;1.570199;1.567941;0.8828773;0.7624671;0.9396503;0.8828773
G408;0;0;0;0;0;0;0;0;0;0;0;0;0;0;0;0;1.572926;1.549659;1.582062;1.576545;1.558872;0.7462343;0.7908581;0.8812909;1.178144
G409;0;0;0;0;0;0;0;0;0;0;0;0;0;0;0;0;1.573548;1.573548;1.573548;1.572926;1.541864;0.882426;1.005436;0.9995379;1.04436
G410;0;0;0;0;0;0;0;0;0;0;0;0;0;0;0;0;1.56417;1.56662;1.580647;1.576545;1.560677;0.9403048;1.006573;1.026076;1.04436
G411;0;0;0;0;0;0;0;0;0;0;0;0;0;0;0;0;1.580647;1.546099;1.582062;1.578712;1.55321;0.906155;0.906155;1.021719;0.906155
G412;0;0;0;0;0;0;0;0;0;0;0;0;0;0;0;0;1.542774;1.541954;1.582062;1.577812;1.57401;1.04436;0.8890969;0.928527;0.9694098
G413;0;0;0;0;0;0;0;0;0;0;0;0;0;0;0;0;1.552027;1.539491;1.575483;1.575483;1.560677;1.006573;1.026076;1.159087;1.230912
G414;0;0;0;0;0;0;0;0;0;0;0;0;0;0;0;0;1.558872;1.496387;1.552027;1.578712;1.583374;1.057111;1.141154;1.140908;1.106001
G415;0;0;0;0;0;0;0;0;0;0;0;0;0;0;0;0;1.57401;1.535374;1.577812;1.576545;1.581291;1.050976;0.9717546;0.949596;1.106001
G416;0;0;0;0;0;0;0;0;0;0;0;0;0;0;0;0;1.575483;1.438435;1.584068;1.570951;1.570199;0.9396503;0.8148202;0.986174;0.954434
G417;0;0;0;0;0;0;0;0;0;0;0;0;0;0;0;0;1.575483;1.467034;1.558708;1.582062;1.561278;0.9637382;0.9694098;1.050976;1.075179
G418;0;0;0;0;0;0;0;0;0;0;0;0;0;0;0;0;1.555859;1.533229;1.571059;1.560677;1.572926;1.106001;1.006573;1.106001;0.9981959
G419;0;0;0;0;0;0;0;0;0;0;0;0;0;0;0;0;1.522101;1.472246;1.56417;1.57401;1.57401;1.111035;0.9858096;1.126657;0.9837083
G420;0;0;0;0;0;0;0;0;0;0;0;0;0;0;0;0;1.501902;1.491854;1.543611;1.522337;1.480301;1.014098;0.9637382;1.106001;1.105867
G421;0;0;0;0;0;0;0;0;0;0;0;0;0;0;0;0;1.507463;1.534859;1.570951;1.567941;1.566619;1.036659;1.006573;1.057111;1.130307
G422;0;0;0;0;0;0;0;0;0;0;0;0;0;0;0;0;1.467034;1.464618;1.581291;1.580647;1.583374;0.8572781;0.8828773;0.9880106;1.077419
G423;0;0;0;0;0;0;0;0;0;0;0;0;0;0;0;0;1.461399;1.467034;1.582062;1.579434;1.576545;0.9411389;0.9403048;1.126657;1.130307
G424;0;0;0;0;0;0;0;0;0;0;0;0;0;0;0;0;1.438977;1.342295;1.56417;1.550999;1.580647;0.882426;0.928527;0.949596;1.197589
G425;0;0;0;0;0;0;0;0;0;0;0;0;0;0;0;0;1.45984;1.440645;1.572926;1.565103;1.584068;0.7893861;0.9396503;0.9396503;1.105867
G426;0;0;0;0;0;0;0;0;0;0;0;0;0;0;0;0;1.446532;1.417395;1.54618;1.541341;1.582062;0.8615078;0.8148202;0.8112781;1.021719
G427;0;0;0;0;0;0;0;0;0;0;0;0;0;0;0;0;1.476545;1.41349;1.567843;1.565103;1.57401;0.9029968;0.8388401;0.9396503;1.140908
G428;0;0;0;0;0;0;0;0;0;0;0;0;0;0;0;0;1.461399;1.454868;1.580647;1.580647;1.578712;0.928527;0.8388401;0.928527;0.986174
G429;0;0;0;0;0;0;0;0;0;0;0;0;0;0;0;0;1.515441;1.515441;1.583374;1.577812;1.578712;0.7893861;0.7893861;0.8112781;1.021719
G430;0;0;0;0;0;0;0;0;0;0;0;0;0;0;0;0;1.491829;1.449186;1.583374;1.572926;1.578712;0.5776539;0.7462343;0.7691928;1.021719
G431;0;0;0;0;0;0;0;0;0;0;0;0;0;0;0;0;1.416502;1.425574;1.577812;1.581291;1.584736;0.8024328;0.830641;0.9694098;0.9717546
G432;0;0;0;0;0;0;0;0;0;0;0;0;0;0;0;0;1.468152;1.491854;1.582062;1.577812;1.558872;0.8315738;0.8611705;0.9858096;0.9717546
G433;0;0;0;0;0;0;0;0;0;0;0;0;0;0;0;0;1.45984;1.474389;1.560677;1.575483;1.550999;0.8001951;0.9637382;0.9637382;0.986174
G434;0;0;0;0;0;0;0;0;0;0;0;0;0;0;0;0;1.433664;1.474389;1.584068;1.56662;1.557924;0.8611705;0.8530824;0.8841837;1.105867
G435;0;0;0;0;0;0;0;0;0;0;0;0;0;0;0;0;1.526707;1.469392;1.576545;1.580647;1.582062;1.061464;0.9154479;1.04436;1.011868
G436;0;0;0;0;0;0;0;0;0;0;0;0;0;0;0;0;1.494016;1.474233;1.576545;1.570951;1.583374;0.8890969;0.8001951;0.928527;1.075982
G437;0;0;0;0;0;0;0;0;0;0;0;0;0;0;0;0;1.521928;1.523118;1.570951;1.570199;1.580647;0.9637382;0.9858096;0.9637382;1.132069
G438;0;0;0;0;0;0;0;0;0;0;0;0;0;0;0;0;1.516327;1.519756;1.567843;1.575483;1.570951;1.026076;1.026076;1.005436;1.132069
G439;0;0;0;0;0;0;0;0;0;0;0;0;0;0;0;0;1.538949;1.499098;1.583374;1.584736;1.57401;0.9858096;0.9858096;0.9694098;1.12088
G440;0;0;0;0;0;0;0;0;0;0;0;0;0;0;0;0;1.526707;1.456243;1.56417;1.552027;1.56662;0.882426;0.8890969;1.04436;1.183703
G441;0;0;0;0;0;0;0;0;0;0;0;0;0;0;0;0;1.507781;1.390021;1.578712;1.580647;1.555859;0.8148202;0.7624671;0.9562556;1.075982
G442;0;0;0;0;0;0;0;0;0;0;0;0;0;0;0;0;1.541954;1.533229;1.576545;1.583374;1.549395;0.7624671;0.7624671;0.9562556;1.12088
G443;0;0;0;0;0;0;0;0;0;0;0;0;0;0;0;0;1.555568;1.541954;1.584068;1.584068;1.582062;0.7893861;0.8615078;0.8828773;1.192156
G444;0;0;0;0;0;0;0;0;0;0;0;0;0;0;0;0;1.539491;1.506537;1.583374;1.579434;1.567843;0.8388401;0.7893861;0.9562556;1.130307
G445;0;0;0;0;0;0;0;0;0;0;0;0;0;0;0;0;1.472246;1.496387;1.570951;1.578712;1.546099;0.6690159;0.7893861;0.8148202;1.077419
G446;0;0;0;0;0;0;0;0;0;0;0;0;0;0;0;0;1.541954;1.528184;1.577812;1.563567;1.54618;0.8828773;0.7339815;0.7893861;1.011868
G447;0;0;0;0;0;0;0;0;0;0;0;0;0;0;0;0;1.575483;1.485475;1.541864;1.528184;1.523118;0.7409066;0.8024328;0.949596;0.949596
G448;0;0;0;0;0;0;0;0;0;0;0;0;0;0;0;0;1.56417;1.491846;1.572926;1.563567;1.558872;1.014098;1.061185;1.185148;1.070589
G449;0;0;0;0;0;0;0;0;0;0;0;0;0;0;0;0;1.523118;1.458691;1.567843;1.572926;1.493469;1.014098;1.163025;1.08264;0.8812909
G450;0;0;0;0;0;0;0;0;0;0;0;0;0;0;0;0;1.522337;1.496387;1.571059;1.571059;1.532446;1.102776;1.038358;1.144488;0.8485482
G451;0;0;0;0;0;0;0;0;0;0;0;0;0;0;0;0;1.579434;1.509372;1.572926;1.572926;1.541341;0.8388401;0.7624671;0.9029968;0.8960383
G452;0;0;0;0;0;0;0;0;0;0;0;0;0;0;0;0;1.565103;1.519756;1.533591;1.55321;1.49744;0.507411;0.8148202;0.7893861;0.986174
G453;0;0;0;0;0;0;0;0;0;0;0;0;0;0;0;0;1.539491;1.472246;1.552027;1.543611;1.505241;0.6098403;0.6962123;0.7462343;0.9995379
G454;0;0;0;0;0;0;0;0;0;0;0;0;0;0;0;0;1.560489;1.523196;1.543611;1.549659;1.493469;0.5776539;0.7691928;0.8654699;1.063999
G455;0;0;0;0;0;0;0;0;0;0;0;0;0;0;0;0;1.533229;1.563567;1.543611;1.538949;1.521928;0.9029968;0.8828773;0.7339815;1.065067
G456;0;0;0;0;0;0;0;0;0;0;0;0;0;0;0;0;1.575483;1.563567;1.539491;1.563567;1.507463;0.830641;0.928527;0.882426;1.0335
G457;0;0;0;0;0;0;0;0;0;0;0;0;0;0;0;0;1.543611;1.474389;1.538949;1.526707;1.530152;1.005436;1.005436;1.005436;0.9880106
G458;0;0;0;0;0;0;0;0;0;0;0;0;0;0;0;0;1.550999;1.438435;1.55321;1.530152;1.544193;1.154552;1.026076;1.042834;0.9447389
G459;0;0;0;0;0;0;0;0;0;0;0;0;0;0;0;0;1.565103;1.576545;1.521364;1.519672;1.49744;1.021719;0.949596;1.021719;0.9447389
G460;0;0;0;0;0;0;0;0;0;0;0;0;0;0;0;0;1.532446;1.533591;1.446532;1.491829;1.466823;0.7219281;0.9219085;0.8828773;0.9447389
G461;0;0;0;0;0;0;0;0;0;0;0;0;0;0;0;0;1.576545;1.476545;1.485251;1.440645;1.491829;0.906155;1.050976;1.113856;1.106001
G462;0;0;0;0;0;0;0;0;0;0;0;0;0;0;0;0;1.56662;1.567843;1.449186;1.467034;1.45506;1.005436;1.12088;0.8828773;1.086944
G463;0;0;0;0;0;0;0;0;0;0;0;0;0;0;0;0;1.474389;1.476545;1.477217;1.530152;1.512888;0.9717546;0.986174;0.986174;1.075982
G464;0;0;0;0;0;0;0;0;0;0;0;0;0;0;0;0;1.567941;1.534859;1.486818;1.511829;1.464618;1.023183;0.9029968;1.0512;0.9340681
G465;0;0;0;0;0;0;0;0;0;0;0;0;0;0;0;0;1.516849;1.49744;1.496387;1.506537;1.464618;0.949596;0.906155;1.0335;0.8960383
G466;0;0;0;0;0;0;0;0;0;0;0;0;0;0;0;0;1.56662;1.558872;1.50122;1.509372;1.515441;0.9880106;0.8148202;1.140908;0.9717546
G467;0;0;0;0;0;0;0;0;0;0;0;0;0;0;0;0;1.572926;1.580647;1.560677;1.576545;1.546099;0.8812909;0.7908581;0.9717546;0.9562556
G468;0;0;0;0;0;0;0;0;0;0;0;0;0;0;0;0;1.576545;1.563567;1.56417;1.572926;1.55321;0.9396503;0.8828773;0.9709506;1.126657
G469;0;0;0;0;0;0;0;0;0;0;0;0;0;0;0;0;1.583374;1.567941;1.512888;1.549659;1.464618;0.8611705;0.882426;0.9029968;1.005436
G470;0;0;0;0;0;0;0;0;0;0;0;0;0;0;0;0;1.580647;1.578712;1.546099;1.558708;1.494089;0.7893861;0.7893861;0.9717546;1.118678
G471;0;0;0;0;0;0;0;0;0;0;0;0;0;0;0;0;1.575483;1.538949;1.528184;1.541341;1.481253;0.9717546;0.6380847;0.9029968;0.986174
G472;0;0;0;0;0;0;0;0;0;0;0;0;0;0;0;0;1.577812;1.533591;1.541341;1.485475;1.519672;0.986174;0.7339815;0.9396503;1.023183
G473;0;0;0;0;0;0;0;0;0;0;0;0;0;0;0;0;1.567941;1.551631;1.493469;1.501902;1.467034;1.011868;0.8828773;0.9694098;1.092256
G474;0;0;0;0;0;0;0;0;0;0;0;0;0;0;0;0;1.501902;1.440645;1.385295;1.480301;1.43374;0.9219085;0.928527;1.021719;1.086944
G475;0;0;0;0;0;0;0;0;0;0;0;0;0;0;0;0;1.546099;1.474233;1.373327;1.424274;1.399924;0.9029968;0.9995379;0.9219085;1.026076
G476;0;0;0;0;0;0;0;0;0;0;0;0;0;0;0;0;1.543611;1.491846;1.369684;1.466823;1.393146;0.986174;0.7893861;0.9219085;1.126657
G477;0;0;0;0;0;0;0;0;0;0;0;0;0;0;0;0;1.543611;1.516327;1.401996;1.440645;1.43374;0.8615078;0.8615078;0.9219085;1.111035
G478;0;0;0;0;0;0;0;0;0;0;0;0;0;0;0;0;1.533591;1.50152;1.35515;1.3816;1.348501;0.7691928;0.8304955;0.8812909;1.239741
G479;0;0;0;0;0;0;0;0;0;0;0;0;0;0;0;0;1.49744;1.526707;1.312579;1.348501;1.295462;0.9097362;0.7462343;0.9097362;1.141154
G480;0;0;0;0;0;0;0;0;0;0;0;0;0;0;0;0;1.560677;1.45931;1.24835;1.307402;1.285285;0.9396503;0.8388401;1.075179;1.076298
G481;0;0;0;0;0;0;0;0;0;0;0;0;0;0;0;0;1.501902;1.447218;1.35785;1.31381;1.325567;1.011868;0.882426;1.075982;1.105867
G482;0;0;0;0;0;0;0;0;0;0;0;0;0;0;0;0;1.516327;1.410515;1.304543;1.318237;1.26019;0.9717546;0.9219085;1.0335;0.8485482
G483;0;0;0;0;0;0;0;0;0;0;0;0;0;0;0;0;1.563567;1.516327;1.295462;1.304543;1.307402;0.9562556;0.8828773;1.105867;0.9447389
G484;0;0;0;0;0;0;0;0;0;0;0;0;0;0;0;0;1.558872;1.549395;1.295462;1.329366;1.299958;1.011868;0.9219085;1.058607;0.8485482
G485;0;0;0;0;0;0;0;0;0;0;0;0;0;0;0;0;1.523196;1.416361;1.295462;1.35785;1.211361;0.9995379;0.830641;1.005436;0.928527
G486;0;0;0;0;0;0;0;0;0;0;0;0;0;0;0;0;1.538949;1.506537;1.366315;1.35515;1.307402;1.014893;0.9858096;1.118678;0.7624671
G487;0;0;0;0;0;0;0;0;0;0;0;0;0;0;0;0;1.56662;1.541341;1.326502;1.393146;1.348501;0.9694098;1.03689;1.063999;0.9224062
G488;0;0;0;0;0;0;0;0;0;0;0;0;0;0;0;0;1.571059;1.535374;1.406008;1.425574;1.401996;0.8615078;1.011868;0.8388401;0.9224062
G489;0;0;0;0;0;0;0;0;0;0;0;0;0;0;0;0;1.567843;1.512888;1.424274;1.391733;1.379482;0.9396503;0.7624671;1.070589;0.8112781
G490;0;0;0;0;0;0;0;0;0;0;0;0;0;0;0;0;1.572926;1.535374;1.416502;1.436884;1.340446;0.8960383;0.7219281;0.9097362;0.8304955
G491;0;0;0;0;0;0;0;0;0;0;0;0;0;0;0;0;1.530152;1.50122;1.393146;1.440645;1.336666;0.8960383;0.8112781;0.8485482;0.6962123
G492;0;0;0;0;0;0;0;0;0;0;0;0;0;0;0;0;1.539491;1.449186;1.440645;1.474389;1.384596;0.9097362;0.7691928;0.9097362;0.8304955
G493;0;0;0;0;0;0;0;0;0;0;0;0;0;0;0;0;1.512888;1.468152;1.424274;1.45931;1.366991;0.986174;0.9396503;0.986174;0.9340681
G494;0;0;0;0;0;0;0;0;0;0;0;0;0;0;0;0;1.491846;1.458691;1.424274;1.429539;1.356432;0.9562556;1.058607;1.042834;0.9709506
G495;0;0;0;0;0;0;0;0;0;0;0;0;0;0;0;0;1.519756;1.485475;1.474389;1.440023;1.368495;1.023183;0.7691928;0.8812909;0.9631673
G496;0;0;0;0;0;0;0;0;0;0;0;0;0;0;0;0;1.563567;1.516849;1.440645;1.461399;1.429539;0.9995379;0.9029968;1.070589;1.0335
G497;0;0;0;0;0;0;0;0;0;0;0;0;0;0;0;0;1.571059;1.552027;1.458691;1.507463;1.399924;0.9880106;1.105867;0.986174;1.132069
G498;0;0;0;0;0;0;0;0;0;0;0;0;0;0;0;0;1.579434;1.48511;1.519756;1.515441;1.406008;0.9858096;1.126657;1.188376;1.065067
G499;0;0;0;0;0;0;0;0;0;0;0;0;0;0;0;0;1.571059;1.392364;1.557924;1.565103;1.509372;0.9154479;0.9637382;1.050976;1.081589
G500;0;0;0;0;0;0;0;0;0;0;0;0;0;0;0;0;1.550999;1.485475;1.539491;1.54618;1.494089;0.882426;1.03689;1.0335;1.065067
G501;0;0;0;0;0;0;0;0;0;0;0;0;0;0;0;0;1.570199;1.295462;1.542774;1.533229;1.54618;1.026076;1.061464;1.106001;1.011868
G502;0;0;0;0;0;0;0;0;0;0;0;0;0;0;0;0;1.578712;1.474233;1.533229;1.542774;1.494089;1.106001;0.9694098;1.140908;1.143198
G503;0;0;0;0;0;0;0;0;0;0;0;0;0;0;0;0;1.572926;1.508574;1.473196;1.539491;1.494016;0.9694098;0.9880106;1.105867;1.011868
G504;0;0;0;0;0;0;0;0;0;0;0;0;0;0;0;0;1.575483;1.467034;1.530152;1.541864;1.438977;1.0335;0.9995379;1.083417;1.19028
G505;0;0;0;0;0;0;0;0;0;0;0;0;0;0;0;0;1.550999;1.318237;1.542774;1.555568;1.50122;0.8812909;0.7462343;0.9709506;1.126948
G506;0;0;0;0;0;0;0;0;0;0;0;0;0;0;0;0;1.533229;1.428501;1.566619;1.550999;1.474233;0.7462343;0.7462343;0.986174;1.150496
G507;0;0;0;0;0;0;0;0;0;0;0;0;0;0;0;0;1.446425;1.261786;1.480301;1.507463;1.457717;0.8828773;0.7624671;1.042834;1.198192
G508;0;0;0;0;0;0;0;0;0;0;0;0;0;0;0;0;1.510068;1.4385;1.401996;1.440645;1.424274;0.8654699;0.6962123;0.9097362;1.188376
G509;0;0;0;0;0;0;0;0;0;0;0;0;0;0;0;0;1.499098;1.446425;1.405639;1.410515;1.373327;0.8112781;0.7219281;0.9097362;1.219241
G510;0;0;0;0;0;0;0;0;0;0;0;0;0;0;0;0;1.433715;1.417395;1.336666;1.356432;1.239741;0.8304955;0.7219281;0.9447389;1.130307
G511;0;0;0;0;0;0;0;0;0;0;0;0;0;0;0;0;1.50122;1.326502;1.393768;1.388678;1.334508;0.8828773;0.8148202;0.928527;1.086944
G512;0;0;0;0;0;0;0;0;0;0;0;0;0;0;0;0;1.542774;1.3816;1.410302;1.330539;1.337479;0.9562556;0.8615078;0.986174;1.092256
G513;0;0;0;0;0;0;0;0;0;0;0;0;0;0;0;0;1.534859;1.466823;1.340446;1.366991;1.235922;0.7462343;0.7624671;0.8654699;1.04436
G514;0;0;0;0;0;0;0;0;0;0;0;0;0;0;0;0;1.558708;1.438435;1.350878;1.405639;1.309312;0.8112781;0.7219281;0.8960383;1.210155
G515;0;0;0;0;0;0;0;0;0;0;0;0;0;0;0;0;1.519756;1.314694;1.45931;1.446532;1.366991;0.7691928;0.9562556;0.9447389;1.211361
G516;0;0;0;0;0;0;0;0;0;0;0;0;0;0;0;0;1.509372;1.348501;1.368495;1.388678;1.340446;0.8828773;0.8388401;0.9029968;1.336666
G517;0;0;0;0;0;0;0;0;0;0;0;0;0;0;0;0;1.456243;1.284918;1.474389;1.428501;1.388678;0.7409066;1.005436;0.9219085;1.225157
G518;0;0;0;0;0;0;0;0;0;0;0;0;0;0;0;0;1.42661;1.261786;1.45506;1.440645;1.418049;0.9880106;0.882426;1.03689;1.132069
G519;0;0;0;0;0;0;0;0;0;0;0;0;0;0;0;0;1.457895;1.261786;1.35785;1.391733;1.334508;0.7624671;0.986174;1.0512;1.239741
G520;0;0;0;0;0;0;0;0;0;0;0;0;0;0;0;0;1.534859;1.295462;1.471151;1.493469;1.440023;0.8615078;0.8828773;0.9717546;1.154552
G521;0;0;0;0;0;0;0;0;0;0;0;0;0;0;0;0;1.539491;1.35515;1.494089;1.530152;1.457717;0.8828773;0.8615078;0.9717546;1.126657
G522;0;0;0;0;0;0;0;0;0;0;0;0;0;0;0;0;1.523118;1.348501;1.45506;1.480301;1.388678;0.7219281;0.7219281;1.0335;1.0969
G523;0;0;0;0;0;0;0;0;0;0;0;0;0;0;0;0;1.542774;1.406008;1.530152;1.530152;1.440023;0.7908581;0.7219281;0.9224062;1.075982
G524;0;0;0;0;0;0;0;0;0;0;0;0;0;0;0;0;1.506537;1.392364;1.552027;1.532446;1.493469;0.6962123;0.7219281;0.8654699;1.118678
G525;0;0;0;0;0;0;0;0;0;0;0;0;0;0;0;0;1.580647;1.438435;1.521364;1.532446;1.416502;0.8388401;0.7624671;0.8304955;1.150496
G526;0;0;0;0;0;0;0;0;0;0;0;0;0;0;0;0;1.575483;1.338058;1.538949;1.50152;1.368495;0.7893861;0.9029968;0.9562556;1.12088
G527;0;0;0;0;0;0;0;0;0;0;0;0;0;0;0;0;1.541341;1.474233;1.567843;1.55321;1.493469;0.8615078;0.7893861;1.023183;1.04436
G528;0;0;0;0;0;0;0;0;0;0;0;0;0;0;0;0;1.555568;1.385295;1.567843;1.561278;1.519672;0.8828773;0.7691928;1.058607;1.140908
G529;0;0;0;0;0;0;0;0;0;0;0;0;0;0;0;0;1.539491;1.485251;1.54618;1.567843;1.505241;0.9097362;0.9219085;0.954434;1.224498
G530;0;0;0;0;0;0;0;0;0;0;0;0;0;0;0;0;1.571059;1.405639;1.571059;1.573548;1.533591;0.8304955;0.986174;1.011868;1.155717
G531;0;0;0;0;0;0;0;0;0;0;0;0;0;0;0;0;1.549659;1.429539;1.555859;1.546099;1.50152;0.8960383;0.8654699;0.9097362;1.225157
G532;0;0;0;0;0;0;0;0;0;0;0;0;0;0;0;0;1.567941;1.515441;1.543611;1.530152;1.45931;0.8112781;0.8112781;0.9709506;1.230912
G533;0;0;0;0;0;0;0;0;0;0;0;0;0;0;0;0;1.523196;1.381792;1.530152;1.549659;1.477622;0.9396503;0.8388401;0.986174;1.159087
G534;0;0;0;0;0;0;0;0;0;0;0;0;0;0;0;0;1.557924;1.53155;1.549659;1.54618;1.526707;1.005436;0.928527;1.023183;1.198192
G535;0;0;0;0;0;0;0;0;0;0;0;0;0;0;0;0;1.486818;1.360746;1.456243;1.510068;1.467034;0.8388401;0.949596;1.050976;1.150496
G536;0;0;0;0;0;0;0;0;0;0;0;0;0;0;0;0;1.557924;1.428501;1.438435;1.480301;1.401996;1.057111;0.9403048;1.118678;1.166693
G537;0;0;0;0;0;0;0;0;0;0;0;0;0;0;0;0;1.551631;1.376357;1.512888;1.519672;1.440645;0.9637382;1.111035;1.139275;1.183703
G538;0;0;0;0;0;0;0;0;0;0;0;0;0;0;0;0;1.519756;1.366315;1.512888;1.534859;1.45506;0.7725586;0.8148202;0.9219085;1.0969
G539;0;0;0;0;0;0;0;0;0;0;0;0;0;0;0;0;1.54618;1.410515;1.501902;1.516849;1.471151;0.7339815;0.8828773;0.8828773;1.130307
G540;0;0;0;0;0;0;0;0;0;0;0;0;0;0;0;0;1.557924;1.417937;1.458691;1.533591;1.418049;0.9219085;0.9219085;0.8960383;1.197589
G541;0;0;0;0;0;0;0;0;0;0;0;0;0;0;0;0;1.53155;1.50122;1.496387;1.534859;1.41349;0.8315738;0.9858096;1.130307;1.086944
G542;0;0;0;0;0;0;0;0;0;0;0;0;0;0;0;0;1.541954;1.4385;1.481253;1.481253;1.474233;0.9396503;0.9694098;0.9219085;1.143661
G543;0;0;0;0;0;0;0;0;0;0;0;0;0;0;0;0;1.472246;1.369684;1.454868;1.485251;1.418049;0.8388401;1.042834;0.9219085;0.8960383
G544;0;0;0;0;0;0;0;0;0;0;0;0;0;0;0;0;1.494089;1.442774;1.549659;1.535374;1.489091;0.949596;1.005436;1.050976;0.9097362
G545;0;0;0;0;0;0;0;0;0;0;0;0;0;0;0;0;1.509372;1.472246;1.5;1.558872;1.521364;0.8611705;1.021719;1.011868;1.050976
G546;0;0;0;0;0;0;0;0;0;0;0;0;0;0;0;0;1.53155;1.381792;1.567941;1.570199;1.522101;0.6719128;1.0969;0.8654699;1.063999
G547;0;0;0;0;0;0;0;0;0;0;0;0;0;0;0;0;1.560489;1.449186;1.567843;1.563567;1.501902;0.906155;0.9029968;0.8812909;1.058607
G548;0;0;0;0;0;0;0;0;0;0;0;0;0;0;0;0;1.496387;1.336291;1.576545;1.572926;1.541341;0.8148202;1.023183;1.011868;0.9709506
G549;0;0;0;0;0;0;0;0;0;0;0;0;0;0;0;0;1.533229;1.381792;1.575483;1.582062;1.521928;0.7725586;0.882426;1.005436;0.9777946
G550;0;0;0;0;0;0;0;0;0;0;0;0;0;0;0;0;1.551631;1.452327;1.552027;1.560677;1.550999;0.8388401;0.9396503;0.9717546;0.954434
G551;0;0;0;0;0;0;0;0;0;0;0;0;0;0;0;0;1.464618;1.458691;1.56662;1.532446;1.582062;0.9219085;0.8388401;0.9219085;0.9981959
G552;0;0;0;0;0;0;0;0;0;0;0;0;0;0;0;0;1.563567;1.485475;1.541954;1.528184;1.577812;0.9880106;0.8828773;0.9694098;0.9340681
G553;0;0;0;0;0;0;0;0;0;0;0;0;0;0;0;0;1.509372;1.467034;1.563567;1.575483;1.584736;0.830641;1.021719;1.0969;1.011868
G554;0;0;0;0;0;0;0;0;0;0;0;0;0;0;0;0;1.541954;1.401996;1.558872;1.56662;1.567941;0.928527;0.882426;1.021719;0.9447389
G555;0;0;0;0;0;0;0;0;0;0;0;0;0;0;0;0;1.472246;1.356592;1.558872;1.571059;1.570951;0.8654699;0.8485482;0.9447389;0.9097362
G556;0;0;0;0;0;0;0;0;0;0;0;0;0;0;0;0;1.523118;1.419737;1.567843;1.56662;1.535374;0.6690159;0.6690159;0.9340681;1.0335
G557;0;0;0;0;0;0;0;0;0;0;0;0;0;0;0;0;1.551631;1.424274;1.578712;1.580647;1.560677;0.8112781;0.8485482;0.8812909;0.986174
G558;0;0;0;0;0;0;0;0;0;0;0;0;0;0;0;0;1.550999;1.49744;1.584736;1.575483;1.560677;0.7624671;0.6962123;0.8960383;1.0969
G559;0;0;0;0;0;0;0;0;0;0;0;0;0;0;0;0;1.510068;1.48511;1.584068;1.575483;1.533591;0.8112781;0.6962123;0.8304955;0.9995379
G560;0;0;0;0;0;0;0;0;0;0;0;0;0;0;0;0;1.551631;1.481253;1.582062;1.555568;1.528184;0.6719128;0.7908581;0.8960383;1.023183
G561;0;0;0;0;0;0;0;0;0;0;0;0;0;0;0;0;1.57401;1.425574;1.54618;1.532446;1.551631;0.7339815;0.8828773;0.9995379;0.9447389
G562;0;0;0;0;0;0;0;0;0;0;0;0;0;0;0;0;1.567941;1.530152;1.572926;1.533591;1.572926;0.8388401;0.8615078;1.023183;1.0335
G563;0;0;0;0;0;0;0;0;0;0;0;0;0;0;0;0;1.563567;1.477217;1.534859;1.50152;1.54618;0.8615078;0.7893861;1.011868;0.9447389
G564;0;0;0;0;0;0;0;0;0;0;0;0;0;0;0;0;1.523196;1.449186;1.560677;1.560677;1.570199;0.928527;0.8615078;1.070589;1.065067
G565;0;0;0;0;0;0;0;0;0;0;0;0;0;0;0;0;1.53155;1.494089;1.516327;1.558872;1.546099;0.906155;0.928527;1.021719;0.9340681
G566;0;0;0;0;0;0;0;0;0;0;0;0;0;0;0;0;1.509372;1.447218;1.555568;1.534859;1.533229;0.8388401;0.9029968;1.023183;0.8112781
G567;0;0;0;0;0;0;0;0;0;0;0;0;0;0;0;0;1.447218;1.357849;1.509372;1.549395;1.481253;0.9029968;0.9717546;1.0335;1.042834
G568;0;0;0;0;0;0;0;0;0;0;0;0;0;0;0;0;1.535374;1.348501;1.519756;1.515441;1.510068;1.075982;1.050976;1.105867;0.986174
G569;0;0;0;0;0;0;0;0;0;0;0;0;0;0;0;0;1.550999;1.438435;1.542774;1.511829;1.425574;0.949596;0.9694098;1.050976;0.9880106
G570;0;0;0;0;0;0;0;0;0;0;0;0;0;0;0;0;1.558708;1.50122;1.563567;1.522337;1.512888;1.026076;0.8024328;1.092256;1.139275
G571;0;0;0;0;0;0;0;0;0;0;0;0;0;0;0;0;1.533229;1.510068;1.522337;1.533229;1.449186;1.126657;1.178144;1.166693;1.077419
G572;0;0;0;0;0;0;0;0;0;0;0;0;0;0;0;0;1.551631;1.405096;1.533229;1.541954;1.507463;0.9694098;0.986174;1.0969;1.197589
G573;0;0;0;0;0;0;0;0;0;0;0;0;0;0;0;0;1.555568;1.534859;1.572926;1.528184;1.535374;1.021719;1.03689;1.011868;1.25996
G574;0;0;0;0;0;0;0;0;0;0;0;0;0;0;0;0;1.496387;1.50122;1.550999;1.558708;1.515441;0.9219085;1.011868;0.9886994;1.188376
G575;0;0;0;0;0;0;0;0;0;0;0;0;0;0;0;0;1.464618;1.4385;1.565103;1.506537;1.50152;0.8112781;0.9219085;1.011868;1.185148
G576;0;0;0;0;0;0;0;0;0;0;0;0;0;0;0;0;1.555568;1.438435;1.570951;1.542774;1.491846;0.9029968;0.8572781;0.9717546;1.006573
G577;0;0;0;0;0;0;0;0;0;0;0;0;0;0;0;0;1.578712;1.529586;1.56417;1.522101;1.484966;1.006573;1.014893;1.0969;1.005436
G578;0;0;0;0;0;0;0;0;0;0;0;0;0;0;0;0;1.555568;1.454868;1.533229;1.549395;1.458195;1.170998;1.124674;1.247556;1.050976
G579;0;0;0;0;0;0;0;0;0;0;0;0;0;0;0;0;1.519756;1.509372;1.541954;1.533229;1.48511;1.111035;1.139275;1.297089;1.011868
G580;0;0;0;0;0;0;0;0;0;0;0;0;0;0;0;0;1.491854;1.4385;1.475659;1.515441;1.484966;1.106001;1.130307;1.187464;0.9995379
G581;0;0;0;0;0;0;0;0;0;0;0;0;0;0;0;0;1.50152;1.348501;1.560489;1.50152;1.511829;0.9154479;1.077419;1.118678;0.986174
G582;0;0;0;0;0;0;0;0;0;0;0;0;0;0;0;0;1.570199;1.529586;1.555568;1.555568;1.555568;0.9562556;0.8148202;1.0512;1.0512
G583;0;0;0;0;0;0;0;0;0;0;0;0;0;0;0;0;1.538949;1.519672;1.549395;1.557924;1.480301;1.021719;1.03689;0.9631673;1.042834
G584;0;0;0;0;0;0;0;0;0;0;0;0;0;0;0;0;1.523118;1.507781;1.560489;1.56417;1.477217;1.006573;1.026076;1.150496;1.126948
G585;0;0;0;0;0;0;0;0;0;0;0;0;0;0;0;0;1.53155;1.48511;1.539491;1.523196;1.509372;0.9694098;1.076298;1.021719;1.077419
G586;0;0;0;0;0;0;0;0;0;0;0;0;0;0;0;0;1.417395;1.467034;1.521364;1.507781;1.410515;0.9694098;0.9880106;1.13625;1.237841
G587;0;0;0;0;0;0;0;0;0;0;0;0;0;0;0;0;1.481253;1.406008;1.507463;1.521928;1.477622;0.9219085;0.928527;0.9717546;1.140908
G588;0;0;0;0;0;0;0;0;0;0;0;0;0;0;0;0;1.499098;1.53155;1.494089;1.529586;1.474233;0.8828773;0.8828773;1.011868;1.130307
G589;0;0;0;0;0;0;0;0;0;0;0;0;0;0;0;0;1.539491;1.464618;1.573548;1.533229;1.446532;0.9562556;0.8148202;0.9995379;1.03689
G590;0;0;0;0;0;0;0;0;0;0;0;0;0;0;0;0;1.555568;1.477217;1.516849;1.50152;1.399924;0.949596;0.882426;1.021719;0.954434
G591;0;0;0;0;0;0;0;0;0;0;0;0;0;0;0;0;1.572926;1.461399;1.551631;1.539491;1.501902;0.9219085;0.8388401;1.023183;0.9631673
G592;0;0;0;0;0;0;0;0;0;0;0;0;0;0;0;0;1.534859;1.546099;1.570199;1.550999;1.512888;0.986174;0.9562556;0.9447389;0.9709506
G593;0;0;0;0;0;0;0;0;0;0;0;0;0;0;0;0;1.519672;1.471151;1.577812;1.560489;1.530152;0.9717546;1.005436;1.075982;0.9340681
G594;0;0;0;0;0;0;0;0;0;0;0;0;0;0;0;0;1.516327;1.529586;1.567941;1.572926;1.543611;0.9219085;0.9717546;0.9886994;1.070589
G595;0;0;0;0;0;0;0;0;0;0;0;0;0;0;0;0;1.516327;1.433664;1.580647;1.577812;1.56417;0.8960383;0.8485482;0.9340681;0.9340681
G596;0;0;0;0;0;0;0;0;0;0;0;0;0;0;0;0;1.418564;1.309312;1.581291;1.578712;1.546099;0.7462343;0.7691928;0.8485482;0.954434
G597;0;0;0;0;0;0;0;0;0;0;0;0;0;0;0;0;1.544193;1.521928;1.580647;1.570951;1.561278;0.7691928;0.6962123;0.9340681;0.9219085
G598;0;0;0;0;0;0;0;0;0;0;0;0;0;0;0;0;1.543611;1.43374;1.578712;1.567843;1.522101;0.6962123;0.8112781;0.9447389;1.011868
G599;0;0;0;0;0;0;0;0;0;0;0;0;0;0;0;0;1.507463;1.45506;1.567941;1.577812;1.544193;0.7893861;0.8828773;1.023183;0.9562556
G600;0;0;0;0;0;0;0;0;0;0;0;0;0;0;0;0;1.440645;1.429539;1.57401;1.573548;1.529586;1.077419;0.9694098;0.9562556;0.9631673
G601;0;0;0;0;0;0;0;0;0;0;0;0;0;0;0;0;1.521928;1.521365;1.566619;1.560677;1.522101;0.9154479;0.9154479;1.04436;0.8960383
G602;0;0;0;0;0;0;0;0;0;0;0;0;0;0;0;0;1.543611;1.519672;1.558872;1.567843;1.521928;0.8828773;0.8388401;1.011868;0.9447389
G603;0;0;0;0;0;0;0;0;0;0;0;0;0;0;0;0;1.516849;1.451334;1.572926;1.560677;1.552027;0.906155;0.928527;1.03689;0.8812909
G604;0;0;0;0;0;0;0;0;0;0;0;0;0;0;0;0;1.461399;1.417937;1.530152;1.538949;1.474233;0.8828773;0.7339815;0.8388401;0.8304955
G605;0;0;0;0;0;0;0;0;0;0;0;0;0;0;0;0;1.480301;1.36612;1.570199;1.566619;1.523118;0.6962123;0.640257;0.8960383;0.9224062
G606;0;0;0;0;0;0;0;0;0;0;0;0;0;0;0;0;1.469392;1.475659;1.583374;1.557924;1.446425;0.7908581;0.7462343;0.8960383;1.011868
G607;0;0;0;0;0;0;0;0;0;0;0;0;0;0;0;0;1.469392;1.282394;1.550999;1.557924;1.438435;0.8654699;0.8812909;0.8654699;1.0335
G608;0;0;0;0;0;0;0;0;0;0;0;0;0;0;0;0;1.572926;1.36612;1.555568;1.541341;1.532446;0.7908581;0.8112781;0.9029968;1.075982
G609;0;0;0;0;0;0;0;0;0;0;0;0;0;0;0;0;1.399924;1.399924;1.541864;1.526707;1.494089;0.7462343;0.7908581;0.9340681;1.092256
G610;0;0;0;0;0;0;0;0;0;0;0;0;0;0;0;0;1.549395;1.512888;1.566619;1.54618;1.522101;0.8615078;0.9396503;1.086944;1.118678
G611;0;0;0;0;0;0;0;0;0;0;0;0;0;0;0;0;1.454868;1.521928;1.555568;1.555568;1.489091;0.9917601;0.9134986;1.166875;1.021719
G612;0;0;0;0;0;0;0;0;0;0;0;0;0;0;0;0;1.475659;1.50152;1.550999;1.510068;1.457895;1.006573;0.9858096;1.118678;1.126657
G613;0;0;0;0;0;0;0;0;0;0;0;0;0;0;0;0;1.50152;1.505241;1.565103;1.535374;1.475659;0.928527;0.928527;0.9029968;1.076298
G614;0;0;0;0;0;0;0;0;0;0;0;0;0;0;0;0;1.425574;1.461399;1.558872;1.546099;1.541341;0.9694098;0.9029968;1.113856;1.036659
G615;0;0;0;0;0;0;0;0;0;0;0;0;0;0;0;0;1.519756;1.393146;1.563567;1.539491;1.56417;1.077419;0.9396503;1.058607;1.09426
G616;0;0;0;0;0;0;0;0;0;0;0;0;0;0;0;0;1.549395;1.543611;1.565103;1.563567;1.477217;0.9880106;1.063999;1.118678;1.188376
G617;0;0;0;0;0;0;0;0;0;0;0;0;0;0;0;0;1.557924;1.534859;1.581291;1.56662;1.555568;1.050976;0.8828773;1.021719;1.03689
G618;0;0;0;0;0;0;0;0;0;0;0;0;0;0;0;0;1.519756;1.516327;1.458691;1.515441;1.523196;1.063999;0.8388401;0.9995379;1.0335
G619;0;0;0;0;0;0;0;0;0;0;0;0;0;0;0;0;1.558708;1.477217;1.539491;1.533229;1.526707;0.8304955;0.8654699;0.9224062;0.9029968
G620;0;0;0;0;0;0;0;0;0;0;0;0;0;0;0;0;1.56417;1.567843;1.571059;1.551631;1.570199;1.021719;0.949596;1.021719;0.9562556
G621;0;0;0;0;0;0;0;0;0;0;0;0;0;0;0;0;1.56417;1.567843;1.560677;1.582062;1.555568;0.9995379;0.9396503;1.130307;0.9097362
G622;0;0;0;0;0;0;0;0;0;0;0;0;0;0;0;0;1.56417;1.530152;1.580647;1.575483;1.566619;1.023183;0.949596;1.063999;0.9097362
G623;0;0;0;0;0;0;0;0;0;0;0;0;0;0;0;0;1.567941;1.440645;1.581291;1.572926;1.570199;0.8112781;0.7691928;0.8812909;0.954434
G624;0;0;0;0;0;0;0;0;0;0;0;0;0;0;0;0;1.477217;1.507781;1.584068;1.570199;1.53155;0.9694098;0.9154479;0.8828773;0.9562556
G625;0;0;0;0;0;0;0;0;0;0;0;0;0;0;0;0;1.529586;1.512888;1.56417;1.57401;1.54618;0.9858096;0.906155;1.03689;0.8812909
G626;0;0;0;0;0;0;0;0;0;0;0;0;0;0;0;0;1.425942;1.438759;1.522337;1.510068;1.533229;0.949596;1.005436;1.12088;0.8960383
G627;0;0;0;0;0;0;0;0;0;0;0;0;0;0;0;0;1.416361;1.433664;1.522337;1.523118;1.468152;0.7893861;0.7893861;0.9717546;0.9995379
G628;0;0;0;0;0;0;0;0;0;0;0;0;0;0;0;0;1.523118;1.501902;1.486818;1.469392;1.494089;1.092256;0.7725586;1.077419;0.9717546
G629;0;0;0;0;0;0;0;0;0;0;0;0;0;0;0;0;1.475659;1.477217;1.551631;1.528184;1.43374;0.8572781;0.928527;0.9340681;0.9224062
G630;0;0;0;0;0;0;0;0;0;0;0;0;0;0;0;0;1.469392;1.417395;1.560489;1.560489;1.526707;0.8828773;0.9029968;0.9562556;1.042834
G631;0;0;0;0;0;0;0;0;0;0;0;0;0;0;0;0;1.485475;1.50152;1.560489;1.551631;1.50152;0.7908581;0.7908581;0.9340681;0.9694098
G632;0;0;0;0;0;0;0;0;0;0;0;0;0;0;0;0;1.516327;1.440645;1.516327;1.501902;1.413921;0.906155;0.8572781;0.8388401;0.8960383
G633;0;0;0;0;0;0;0;0;0;0;0;0;0;0;0;0;1.475659;1.48511;1.477622;1.429539;1.312579;1.03689;0.882426;1.005436;0.8960383
G634;0;0;0;0;0;0;0;0;0;0;0;0;0;0;0;0;1.468152;1.474233;1.474389;1.45506;1.379482;0.906155;0.949596;1.005436;0.9777946
G635;0;0;0;0;0;0;0;0;0;0;0;0;0;0;0;0;1.511829;1.428501;1.468152;1.419737;1.3816;0.8001951;0.9858096;0.9858096;0.9097362
G636;0;0;0;0;0;0;0;0;0;0;0;0;0;0;0;0;1.486818;1.381792;1.5;1.499098;1.42661;1.005436;0.9858096;1.092256;0.8654699
G637;0;0;0;0;0;0;0;0;0;0;0;0;0;0;0;0;1.408708;1.441772;1.423878;1.456243;1.417395;0.9637382;0.9154479;1.006573;0.9224062
G638;0;0;0;0;0;0;0;0;0;0;0;0;0;0;0;0;1.469392;1.399111;1.464618;1.481253;1.484966;0.9880106;0.9396503;0.928527;0.8654699
G639;0;0;0;0;0;0;0;0;0;0;0;0;0;0;0;0;1.5;1.326502;1.511829;1.528184;1.468152;0.9029968;0.7219281;0.8828773;0.9340681
G640;0;0;0;0;0;0;0;0;0;0;0;0;0;0;0;0;1.442774;1.496387;1.575483;1.577812;1.573548;0.9029968;0.8615078;0.9396503;0.8485482
G641;0;0;0;0;0;0;0;0;0;0;0;0;0;0;0;0;1.473196;1.356592;1.571059;1.563567;1.506537;0.6690159;0.8812909;0.8960383;0.9340681
G642;0;0;0;0;0;0;0;0;0;0;0;0;0;0;0;0;1.515441;1.496387;1.519672;1.55321;1.484966;0.8615078;0.9219085;0.8812909;0.8960383
G643;0;0;0;0;0;0;0;0;0;0;0;0;0;0;0;0;1.528184;1.295462;1.522101;1.49744;1.528184;0.9396503;1.011868;0.9219085;1.065067
G644;0;0;0;0;0;0;0;0;0;0;0;0;0;0;0;0;1.469392;1.417395;1.560677;1.533591;1.563567;0.9396503;0.9562556;0.8828773;1.105867
G645;0;0;0;0;0;0;0;0;0;0;0;0;0;0;0;0;1.567941;1.43374;1.522101;1.491829;1.555568;0.8615078;0.8615078;0.9219085;1.105867
G646;0;0;0;0;0;0;0;0;0;0;0;0;0;0;0;0;1.551631;1.49744;1.485251;1.501902;1.541954;0.928527;0.928527;1.075982;1.205796
G647;0;0;0;0;0;0;0;0;0;0;0;0;0;0;0;0;1.57401;1.45931;1.539491;1.546099;1.563567;0.9694098;1.005436;0.9995379;1.166875
G648;0;0;0;0;0;0;0;0;0;0;0;0;0;0;0;0;1.544193;1.507463;1.489091;1.542774;1.575483;0.8148202;0.9562556;0.9717546;1.159087
G649;0;0;0;0;0;0;0;0;0;0;0;0;0;0;0;0;1.580647;1.476545;1.509372;1.529586;1.583374;0.8485482;1.011868;1.023183;1.092256
G650;0;0;0;0;0;0;0;0;0;0;0;0;0;0;0;0;1.578712;1.379482;1.474233;1.499098;1.582062;0.8485482;0.9396503;0.8960383;0.9880106
G651;0;0;0;0;0;0;0;0;0;0;0;0;0;0;0;0;1.577812;1.451334;1.494089;1.528184;1.546099;0.986174;0.986174;1.0512;0.9447389
G652;0;0;0;0;0;0;0;0;0;0;0;0;0;0;0;0;1.560489;1.417937;1.557924;1.538949;1.510068;0.9694098;1.04436;1.042834;0.9562556
G653;0;0;0;0;0;0;0;0;0;0;0;0;0;0;0;0;1.541954;1.494089;1.522337;1.505241;1.557924;1.050976;0.949596;0.9694098;0.9097362
G654;0;0;0;0;0;0;0;0;0;0;0;0;0;0;0;0;1.557924;1.457895;1.457717;1.491829;1.546099;0.9880106;0.9694098;1.011868;0.7908581
G655;0;0;0;0;0;0;0;0;0;0;0;0;0;0;0;0;1.570199;1.401996;1.507781;1.543611;1.557924;1.021719;0.928527;0.9219085;0.8654699
G656;0;0;0;0;0;0;0;0;0;0;0;0;0;0;0;0;1.567843;1.510068;1.477622;1.519672;1.533229;0.9154479;1.077419;0.949596;0.9224062
G657;0;0;0;0;0;0;0;0;0;0;0;0;0;0;0;0;1.575483;1.454868;1.384596;1.471151;1.496387;0.8024328;0.8615078;0.986174;0.8485482
G658;0;0;0;0;0;0;0;0;0;0;0;0;0;0;0;0;1.484966;1.428501;1.385295;1.360964;1.543611;0.8615078;0.9562556;0.8960383;0.986174
G659;0;0;0;0;0;0;0;0;0;0;0;0;0;0;0;0;1.557924;1.509372;1.356432;1.368996;1.539491;0.7038341;0.9995379;0.986174;1.154552
G660;0;0;0;0;0;0;0;0;0;0;0;0;0;0;0;0;1.511829;1.438435;1.348501;1.392364;1.521928;0.7908581;0.7691928;0.8304955;0.9403048
G661;0;0;0;0;0;0;0;0;0;0;0;0;0;0;0;0;1.54618;1.477217;1.393768;1.394784;1.509372;0.7624671;0.6098403;0.8304955;1.130307
G662;0;0;0;0;0;0;0;0;0;0;0;0;0;0;0;0;1.539491;1.41349;1.43374;1.413921;1.539491;0.8572781;0.7725586;0.882426;1.050976
G663;0;0;0;0;0;0;0;0;0;0;0;0;0;0;0;0;1.580647;1.406008;1.476545;1.491829;1.515441;0.906155;0.7893861;0.7624671;1.166875
G664;0;0;0;0;0;0;0;0;0;0;0;0;0;0;0;0;1.519672;1.425942;1.508574;1.418049;1.484966;0.8828773;0.8304955;0.9717546;1.021719
G665;0;0;0;0;0;0;0;0;0;0;0;0;0;0;0;0;1.484966;1.441772;1.45931;1.491829;1.539491;0.9396503;0.9219085;1.011868;1.021719
G666;0;0;0;0;0;0;0;0;0;0;0;0;0;0;0;0;1.532446;1.458195;1.501902;1.43374;1.516327;0.9880106;0.8572781;1.03689;0.9837083
G667;0;0;0;0;0;0;0;0;0;0;0;0;0;0;0;0;1.523118;1.472246;1.508574;1.521365;1.570199;0.8890969;0.9154479;1.006573;1.023183
G668;0;0;0;0;0;0;0;0;0;0;0;0;0;0;0;0;1.438759;1.370951;1.485251;1.474389;1.543611;1.077419;0.9858096;1.026076;1.0335
G669;0;0;0;0;0;0;0;0;0;0;0;0;0;0;0;0;1.530152;1.390021;1.410515;1.474233;1.533591;1.09426;1.061464;1.130307;0.9224062
G670;0;0;0;0;0;0;0;0;0;0;0;0;0;0;0;0;1.522101;1.407647;1.416361;1.401996;1.519672;1.063999;0.9694098;1.005436;1.113856
G671;0;0;0;0;0;0;0;0;0;0;0;0;0;0;0;0;1.494089;1.348045;1.405639;1.424274;1.541864;0.7462343;0.8654699;0.9097362;0.9396503
G672;0;0;0;0;0;0;0;0;0;0;0;0;0;0;0;0;1.491846;1.350376;1.330539;1.334508;1.446532;0.7893861;0.9396503;0.986174;0.9224062
G673;0;0;0;0;0;0;0;0;0;0;0;0;0;0;0;0;1.512888;1.441772;1.477622;1.394784;1.456243;0.882426;1.021719;1.050976;0.9097362
G674;0;0;0;0;0;0;0;0;0;0;0;0;0;0;0;0;1.425942;1.281633;1.45984;1.301498;1.449186;1.021719;0.9694098;1.005436;0.9224062
G675;0;0;0;0;0;0;0;0;0;0;0;0;0;0;0;0;1.423878;1.438759;1.394784;1.45931;1.468152;0.928527;1.021719;1.105867;0.9709506
G676;0;0;0;0;0;0;0;0;0;0;0;0;0;0;0;0;1.496387;1.452327;1.424274;1.388678;1.467034;0.8828773;0.8112781;0.9562556;0.9224062
G677;0;0;0;0;0;0;0;0;0;0;0;0;0;0;0;0;1.472246;1.35515;1.394784;1.388678;1.529586;1.04436;1.04436;1.03689;0.9097362
G678;0;0;0;0;0;0;0;0;0;0;0;0;0;0;0;0;1.549395;1.447218;1.560677;1.440023;1.449186;1.006573;0.9637382;0.9858096;0.8812909
G679;0;0;0;0;0;0;0;0;0;0;0;0;0;0;0;0;1.557924;1.417395;1.350877;1.476545;1.496387;0.949596;1.063999;1.0969;0.9219085
G680;0;0;0;0;0;0;0;0;0;0;0;0;0;0;0;0;1.523118;1.404455;1.491829;1.521928;1.515441;0.8388401;0.9562556;0.8388401;1.130307
G681;0;0;0;0;0;0;0;0;0;0;0;0;0;0;0;0;1.521364;1.408708;1.493469;1.393768;1.457895;0.9562556;0.9562556;0.9995379;1.092256
G682;0;0;0;0;0;0;0;0;0;0;0;0;0;0;0;0;1.491829;1.348045;1.491829;1.493469;1.467034;0.8812909;0.7462343;0.8654699;0.9717546
G683;0;0;0;0;0;0;0;0;0;0;0;0;0;0;0;0;1.451334;1.390021;1.476545;1.436884;1.376357;0.8304955;0.8812909;0.8485482;0.8654699
G684;0;0;0;0;0;0;0;0;0;0;0;0;0;0;0;0;1.491854;1.438759;1.410302;1.446532;1.526707;0.8112781;0.6962123;0.8960383;0.8485482
G685;0;0;0;0;0;0;0;0;0;0;0;0;0;0;0;0;1.491846;1.399111;1.447218;1.301498;1.489091;0.9396503;0.7462343;0.8960383;0.9837083
G686;0;0;0;0;0;0;0;0;0;0;0;0;0;0;0;0;1.485475;1.4385;1.417937;1.410302;1.474389;0.9396503;0.8148202;0.9562556;1.058607
G687;0;0;0;0;0;0;0;0;0;0;0;0;0;0;0;0;1.477217;1.428501;1.416502;1.368495;1.489091;0.949596;0.928527;0.9717546;1.023183
G688;0;0;0;0;0;0;0;0;0;0;0;0;0;0;0;0;1.480301;1.416361;1.418049;1.416502;1.474233;0.882426;0.8315738;0.9154479;0.9562556
G689;0;0;0;0;0;0;0;0;0;0;0;0;0;0;0;0;1.429539;1.510068;1.476545;1.45984;1.519672;0.906155;0.9880106;1.005436;0.9694098
G690;0;0;0;0;0;0;0;0;0;0;0;0;0;0;0;0;1.367879;1.381792;1.466823;1.489091;1.507781;1.092256;0.949596;1.005436;1.042834
G691;0;0;0;0;0;0;0;0;0;0;0;0;0;0;0;0;1.425574;1.458195;1.410302;1.424274;1.45984;0.9858096;0.8890969;1.077419;1.0969
G692;0;0;0;0;0;0;0;0;0;0;0;0;0;0;0;0;1.342295;1.314694;1.356432;1.384596;1.541864;0.8388401;1.021719;0.7624671;1.03689
G693;0;0;0;0;0;0;0;0;0;0;0;0;0;0;0;0;1.367879;1.232331;1.48511;1.394784;1.438977;0.949596;0.928527;0.9995379;1.0512
G694;0;0;0;0;0;0;0;0;0;0;0;0;0;0;0;0;1.425574;1.458195;1.512888;1.466823;1.491854;1.026076;0.9219085;0.949596;0.9631673
G695;0;0;0;0;0;0;0;0;0;0;0;0;0;0;0;0;1.373327;1.324611;1.485251;1.425574;1.452327;0.8615078;0.9219085;0.7339815;0.8654699
G696;0;0;0;0;0;0;0;0;0;0;0;0;0;0;0;0;1.364482;1.256894;1.446532;1.501902;1.446425;0.7893861;0.9219085;0.8615078;0.954434
G697;0;0;0;0;0;0;0;0;0;0;0;0;0;0;0;0;1.429539;1.350376;1.416361;1.474233;1.419737;0.9562556;0.9562556;0.8304955;1.0335
G698;0;0;0;0;0;0;0;0;0;0;0;0;0;0;0;0;1.509372;1.42661;1.522101;1.529586;1.433715;0.7691928;0.8112781;0.8304955;0.8304955
G699;0;0;0;0;0;0;0;0;0;0;0;0;0;0;0;0;1.522337;1.467034;1.512888;1.541864;1.523196;0.8388401;0.9219085;0.9396503;0.8812909
G700;0;0;0;0;0;0;0;0;0;0;0;0;0;0;0;0;1.541864;1.494089;1.534859;1.552027;1.560489;0.7624671;0.6098403;0.949596;0.9224062
G701;0;0;0;0;0;0;0;0;0;0;0;0;0;0;0;0;1.390021;1.392364;1.571059;1.576545;1.550999;0.9029968;0.8485482;1.006573;0.8304955
G702;0;0;0;0;0;0;0;0;0;0;0;0;0;0;0;0;1.469392;1.494089;1.477622;1.543611;1.496387;0.7908581;0.7908581;0.7908581;0.9717546
G703;0;0;0;0;0;0;0;0;0;0;0;0;0;0;0;0;1.480301;1.376804;1.485251;1.485251;1.510068;0.8304955;0.8485482;0.8960383;0.8960383
G704;0;0;0;0;0;0;0;0;0;0;0;0;0;0;0;0;1.406008;1.360746;1.45984;1.508574;1.485475;0.7462343;0.8960383;0.8812909;1.065067
G705;0;0;0;0;0;0;0;0;0;0;0;0;0;0;0;0;1.369684;1.425942;1.364482;1.474233;1.404455;0.640257;0.8304955;0.9219085;0.986174
G706;0;0;0;0;0;0;0;0;0;0;0;0;0;0;0;0;1.392364;1.42661;1.451334;1.424274;1.475659;0.8828773;0.9219085;0.8304955;0.9880106
G707;0;0;0;0;0;0;0;0;0;0;0;0;0;0;0;0;1.48511;1.486818;1.485251;1.48511;1.469392;0.640257;0.8112781;0.8112781;1.0335
G708;0;0;0;0;0;0;0;0;0;0;0;0;0;0;0;0;1.491846;1.511829;1.532446;1.474233;1.50122;0.8112781;0.8960383;0.8485482;0.9396503
G709;0;0;0;0;0;0;0;0;0;0;0;0;0;0;0;0;1.440645;1.407647;1.436884;1.43374;1.50122;0.7219281;0.8654699;0.7462343;0.9219085
G710;0;0;0;0;0;0;0;0;0;0;0;0;0;0;0;0;1.35785;1.328231;1.312579;1.424274;1.491854;0.7219281;0.7691928;0.7908581;1.0335
G711;0;0;0;0;0;0;0;0;0;0;0;0;0;0;0;0;1.393146;1.329434;1.394784;1.494016;1.474233;0.7691928;0.8485482;0.8654699;1.050976
G712;0;0;0;0;0;0;0;0;0;0;0;0;0;0;0;0;1.436884;1.407647;1.493469;1.577812;1.519756;0.640257;0.7908581;0.7908581;1.065067
G713;0;0;0;0;0;0;0;0;0;0;0;0;0;0;0;0;1.438435;1.469392;1.519672;1.45506;1.515441;0.8654699;0.7462343;0.9447389;1.105867
G714;0;0;0;0;0;0;0;0;0;0;0;0;0;0;0;0;1.383437;1.387832;1.429539;1.489091;1.549395;0.7462343;0.7219281;0.8654699;1.063999
G715;0;0;0;0;0;0;0;0;0;0;0;0;0;0;0;0;1.419737;1.425942;1.507781;1.491846;1.555568;0.8112781;0.7691928;0.9097362;0.7908581
G716;0;0;0;0;0;0;0;0;0;0;0;0;0;0;0;0;1.452327;1.408708;1.521365;1.55321;1.550999;0.8112781;0.7691928;0.8960383;1.0335
G717;0;0;0;0;0;0;0;0;0;0;0;0;0;0;0;0;1.494089;1.369823;1.476545;1.508574;1.529586;0.8485482;0.9340681;0.8654699;0.8960383
G718;0;0;0;0;0;0;0;0;0;0;0;0;0;0;0;0;1.452327;1.348045;1.55321;1.56417;1.519756;0.7725586;0.9396503;0.9995379;1.042834
G719;0;0;0;0;0;0;0;0;0;0;0;0;0;0;0;0;1.533229;1.356592;1.538949;1.54618;1.549395;0.7219281;0.8112781;0.8304955;0.9224062
G720;0;0;0;0;0;0;0;0;0;0;0;0;0;0;0;0;1.526707;1.458195;1.521365;1.543611;1.567941;0.6962123;0.7908581;0.7462343;1.03689
G721;0;0;0;0;0;0;0;0;0;0;0;0;0;0;0;0;1.522101;1.407647;1.541864;1.560677;1.567941;0.8112781;0.8304955;0.9709506;1.092256
G722;0;0;0;0;0;0;0;0;0;0;0;0;0;0;0;0;1.53155;1.484966;1.533591;1.567843;1.541864;0.6690159;0.8812909;0.7691928;1.130307
G723;0;0;0;0;0;0;0;0;0;0;0;0;0;0;0;0;1.565103;1.438435;1.477622;1.474389;1.541954;0.8148202;0.9340681;0.8812909;1.03689
G724;0;0;0;0;0;0;0;0;0;0;0;0;0;0;0;0;1.474233;1.424274;1.538949;1.546099;1.541954;0.8615078;0.9717546;0.986174;1.011868
G725;0;0;0;0;0;0;0;0;0;0;0;0;0;0;0;0;1.50122;1.366315;1.476545;1.45984;1.570199;0.9694098;1.061464;0.928527;1.075982
G726;0;0;0;0;0;0;0;0;0;0;0;0;0;0;0;0;1.416361;1.318237;1.560489;1.533591;1.477217;0.8611705;0.928527;1.026076;1.075982
G727;0;0;0;0;0;0;0;0;0;0;0;0;0;0;0;0;1.56662;1.417937;1.474389;1.48511;1.516849;0.8828773;0.9029968;0.9396503;0.9717546
G728;0;0;0;0;0;0;0;0;0;0;0;0;0;0;0;0;1.534859;1.410515;1.491829;1.493469;1.572926;1.092256;0.9637382;1.106001;1.061464
G729;0;0;0;0;0;0;0;0;0;0;0;0;0;0;0;0;1.477217;1.237841;1.512888;1.485251;1.550999;1.04436;1.061464;1.075982;1.005436
G730;0;0;0;0;0;0;0;0;0;0;0;0;0;0;0;0;1.491854;1.295462;1.521365;1.508574;1.541954;0.949596;0.830641;0.9880106;0.9219085
G731;0;0;0;0;0;0;0;0;0;0;0;0;0;0;0;0;1.53155;1.369684;1.505241;1.436884;1.519672;1.076298;0.8890969;1.006573;1.063999
G732;0;0;0;0;0;0;0;0;0;0;0;0;0;0;0;0;1.539491;1.35515;1.476545;1.391733;1.467034;0.9154479;0.949596;1.005436;1.005436
G733;0;0;0;0;0;0;0;0;0;0;0;0;0;0;0;0;1.53155;1.376804;1.521365;1.45984;1.539491;0.9637382;1.04436;0.949596;0.9995379
G734;0;0;0;0;0;0;0;0;0;0;0;0;0;0;0;0;1.533229;1.268174;1.521365;1.507463;1.467034;0.9858096;1.061464;1.04436;0.8485482
G735;0;0;0;0;0;0;0;0;0;0;0;0;0;0;0;0;1.530152;1.399924;1.530152;1.501902;1.461399;0.7725586;1.005436;0.882426;0.9219085
G736;0;0;0;0;0;0;0;0;0;0;0;0;0;0;0;0;1.501902;1.429539;1.337479;1.307361;1.512888;0.9396503;0.9029968;0.9029968;0.8654699
G737;0;0;0;0;0;0;0;0;0;0;0;0;0;0;0;0;1.528184;1.366315;1.471151;1.471151;1.45506;0.9219085;0.8388401;0.9709506;0.7908581
G738;0;0;0;0;0;0;0;0;0;0;0;0;0;0;0;0;1.464618;1.218298;1.489091;1.413921;1.494089;0.9403048;1.111035;1.130307;0.9717546
G739;0;0;0;0;0;0;0;0;0;0;0;0;0;0;0;0;1.48511;1.407647;1.405639;1.436884;1.499098;0.9403048;1.178144;1.21301;0.986174
G740;0;0;0;0;0;0;0;0;0;0;0;0;0;0;0;0;1.49744;1.407647;1.30492;1.364482;1.366315;1.006573;1.026076;1.092256;0.8654699
G741;0;0;0;0;0;0;0;0;0;0;0;0;0;0;0;0;1.49744;1.408708;1.521365;1.410302;1.452327;0.9637382;0.9880106;0.8615078;1.021719
G742;0;0;0;0;0;0;0;0;0;0;0;0;0;0;0;0;1.480301;1.407647;1.454868;1.474233;1.370951;0.9880106;1.03689;1.058607;1.023183
G743;0;0;0;0;0;0;0;0;0;0;0;0;0;0;0;0;1.405096;1.324611;1.36612;1.373327;1.446425;0.9403048;1.141154;1.150496;1.011868
G744;0;0;0;0;0;0;0;0;0;0;0;0;0;0;0;0;1.541954;1.366315;1.501902;1.501902;1.475659;1.038358;1.247556;1.057111;1.105867
G745;0;0;0;0;0;0;0;0;0;0;0;0;0;0;0;0;1.456243;1.381792;1.43374;1.451334;1.496387;1.102776;1.230912;1.178144;0.9097362
G746;0;0;0;0;0;0;0;0;0;0;0;0;0;0;0;0;1.456243;1.473196;1.4385;1.50122;1.407647;1.04436;1.057111;1.221056;1.03689
G747;0;0;0;0;0;0;0;0;0;0;0;0;0;0;0;0;1.523118;1.419737;1.440645;1.433664;1.499098;1.076298;1.057111;1.141154;1.0969
G748;0;0;0;0;0;0;0;0;0;0;0;0;0;0;0;0;1.523118;1.523196;1.493469;1.552027;1.546099;0.9917601;1.102776;1.077419;0.9995379
G749;0;0;0;0;0;0;0;0;0;0;0;0;0;0;0;0;1.429539;1.446425;1.394784;1.494016;1.491846;1.08264;0.960984;1.061185;0.8812909
G750;0;0;0;0;0;0;0;0;0;0;0;0;0;0;0;0;1.438759;1.441772;1.436884;1.413921;1.501902;1.108605;1.218298;1.044795;0.9447389
G751;0;0;0;0;0;0;0;0;0;0;0;0;0;0;0;0;1.539491;1.417395;1.418049;1.413921;1.457895;1.031601;1.201055;1.249436;0.8654699
G752;0;0;0;0;0;0;0;0;0;0;0;0;0;0;0;0;1.506537;1.433715;1.379482;1.417937;1.4385;1.038358;1.121641;1.014098;0.8812909
G753;0;0;0;0;0;0;0;0;0;0;0;0;0;0;0;0;1.541954;1.468152;1.477622;1.436884;1.485251;1.218298;1.108605;1.24835;0.8485482
G754;0;0;0;0;0;0;0;0;0;0;0;0;0;0;0;0;1.522337;1.457895;1.440023;1.413921;1.399924;1.233348;1.229165;1.31381;0.9709506
G755;0;0;0;0;0;0;0;0;0;0;0;0;0;0;0;0;1.484966;1.423878;1.337479;1.364482;1.418049;1.278898;1.328231;1.352724;0.9224062
G756;0;0;0;0;0;0;0;0;0;0;0;0;0;0;0;0;1.511829;1.433715;1.410302;1.418049;1.476545;1.089118;1.394492;1.342842;0.9631673
G757;0;0;0;0;0;0;0;0;0;0;0;0;0;0;0;0;1.507781;1.458195;1.360964;1.446532;1.477217;1.282394;1.252774;1.268174;0.9029968
G758;0;0;0;0;0;0;0;0;0;0;0;0;0;0;0;0;1.441772;1.36643;1.446532;1.424274;1.477217;1.222138;1.251509;1.281633;0.928527
G759;0;0;0;0;0;0;0;0;0;0;0;0;0;0;0;0;1.523196;1.4385;1.393768;1.334508;1.336666;1.212177;1.232331;1.35515;1.026076
G760;0;0;0;0;0;0;0;0;0;0;0;0;0;0;0;0;1.53155;1.522337;1.501902;1.476545;1.433664;1.252774;1.133452;1.180325;1.036659
G761;0;0;0;0;0;0;0;0;0;0;0;0;0;0;0;0;1.53155;1.50122;1.438977;1.391733;1.489091;1.09426;1.09426;1.166875;1.163025
G762;0;0;0;0;0;0;0;0;0;0;0;0;0;0;0;0;1.579434;1.474233;1.418049;1.45506;1.501902;1.08264;1.014098;0.960984;1.014098
G763;0;0;0;0;0;0;0;0;0;0;0;0;0;0;0;0;1.557924;1.485475;1.368495;1.493469;1.417937;1.038358;1.08264;1.139275;1.118678
G764;0;0;0;0;0;0;0;0;0;0;0;0;0;0;0;0;1.581291;1.480301;1.43374;1.485251;1.533591;1.076298;1.057111;1.111035;1.005436
G765;0;0;0;0;0;0;0;0;0;0;0;0;0;0;0;0;1.56417;1.507781;1.543611;1.45931;1.516327;0.9562556;0.882426;1.005436;1.0969
G766;0;0;0;0;0;0;0;0;0;0;0;0;0;0;0;0;1.522101;1.336666;1.424274;1.489091;1.506537;0.8828773;0.9219085;1.042834;1.021719
G767;0;0;0;0;0;0;0;0;0;0;0;0;0;0;0;0;1.567941;1.491846;1.494089;1.461399;1.511829;0.8615078;0.9029968;0.9219085;0.9396503
G768;0;0;0;0;0;0;0;0;0;0;0;0;0;0;0;0;1.571059;1.394492;1.424274;1.491829;1.446425;0.9694098;0.9858096;1.03689;1.159087
G769;0;0;0;0;0;0;0;0;0;0;0;0;0;0;0;0;1.469392;1.446425;1.485251;1.485251;1.469392;0.7893861;0.8148202;0.9029968;1.005436
G770;0;0;0;0;0;0;0;0;0;0;0;0;0;0;0;0;1.519756;1.428501;1.508574;1.508574;1.475659;0.949596;0.9880106;0.9224062;1.140908
G771;0;0;0;0;0;0;0;0;0;0;0;0;0;0;0;0;1.534859;1.440645;1.512888;1.501902;1.510068;1.005436;0.9694098;1.113856;1.050976
G772;0;0;0;0;0;0;0;0;0;0;0;0;0;0;0;0;1.516327;1.447218;1.532446;1.544193;1.533229;0.928527;1.111035;1.150496;0.9995379
G773;0;0;0;0;0;0;0;0;0;0;0;0;0;0;0;0;1.560489;1.467034;1.560489;1.571059;1.53155;1.005436;1.092256;1.150496;0.9717546
G774;0;0;0;0;0;0;0;0;0;0;0;0;0;0;0;0;1.567941;1.48511;1.576545;1.533591;1.565103;1.144488;0.9671989;1.178144;0.9097362
G775;0;0;0;0;0;0;0;0;0;0;0;0;0;0;0;0;1.54618;1.477217;1.538949;1.543611;1.56662;1.014893;1.092256;1.13625;0.9562556
G776;0;0;0;0;0;0;0;0;0;0;0;0;0;0;0;0;1.57401;1.393146;1.560489;1.551631;1.541864;0.928527;0.9694098;1.0969;0.9396503
G777;0;0;0;0;0;0;0;0;0;0;0;0;0;0;0;0;1.468152;1.392364;1.558872;1.474233;1.539491;1.111035;1.130307;1.183703;0.9562556
G778;0;0;0;0;0;0;0;0;0;0;0;0;0;0;0;0;1.563567;1.449186;1.541864;1.558872;1.533229;0.9694098;1.105867;1.139495;1.063999
G779;0;0;0;0;0;0;0;0;0;0;0;0;0;0;0;0;1.579434;1.494089;1.560677;1.461399;1.533229;1.04436;1.140908;1.187464;0.9562556
G780;0;0;0;0;0;0;0;0;0;0;0;0;0;0;0;0;1.560489;1.376357;1.555859;1.477622;1.533229;1.006573;1.126657;1.04436;1.0969
G781;0;0;0;0;0;0;0;0;0;0;0;0;0;0;0;0;1.501902;1.373327;1.567843;1.543611;1.570199;1.09426;1.154552;1.21301;1.042834
G782;0;0;0;0;0;0;0;0;0;0;0;0;0;0;0;0;1.508574;1.457717;1.560489;1.546099;1.584736;1.057111;1.111035;1.159087;0.9995379
G783;0;0;0;0;0;0;0;0;0;0;0;0;0;0;0;0;1.530152;1.438977;1.552027;1.440023;1.555568;1.086944;1.021719;1.159087;0.8485482
G784;0;0;0;0;0;0;0;0;0;0;0;0;0;0;0;0;1.50122;1.384596;1.506537;1.506537;1.579434;0.7219281;0.8485482;0.8960383;0.9029968
G785;0;0;0;0;0;0;0;0;0;0;0;0;0;0;0;0;1.533591;1.360964;1.555568;1.555568;1.575483;0.8112781;0.7908581;0.7691928;0.830641
G786;0;0;0;0;0;0;0;0;0;0;0;0;0;0;0;0;1.55321;1.384596;1.567941;1.533591;1.552027;0.6690159;0.8812909;0.9340681;0.9340681
G787;0;0;0;0;0;0;0;0;0;0;0;0;0;0;0;0;1.575483;1.43374;1.56662;1.533591;1.529586;0.7691928;0.8812909;0.9224062;0.8112781
G788;0;0;0;0;0;0;0;0;0;0;0;0;0;0;0;0;1.543611;1.360964;1.544193;1.436884;1.481253;0.6098403;0.8960383;0.9224062;0.9097362
G789;0;0;0;0;0;0;0;0;0;0;0;0;0;0;0;0;1.579434;1.364482;1.55321;1.533591;1.481253;0.7462343;0.8960383;0.9224062;0.9858096
G790;0;0;0;0;0;0;0;0;0;0;0;0;0;0;0;0;1.582062;1.491829;1.474233;1.471151;1.555568;0.6962123;0.9097362;0.9447389;0.9694098
G791;0;0;0;0;0;0;0;0;0;0;0;0;0;0;0;0;1.578712;1.521365;1.440645;1.485475;1.561278;0.8304955;0.8304955;0.9224062;0.9219085
G792;0;0;0;0;0;0;0;0;0;0;0;0;0;0;0;0;1.582062;1.512888;1.337479;1.339458;1.49744;0.7219281;0.9224062;0.9447389;1.09426
G793;0;0;0;0;0;0;0;0;0;0;0;0;0;0;0;0;1.535374;1.447218;1.436884;1.393768;1.485251;0.7908581;0.7908581;0.7691928;1.077419
G794;0;0;0;0;0;0;0;0;0;0;0;0;0;0;0;0;1.516849;1.325567;1.356432;1.360964;1.476545;0.7691928;0.8812909;0.8654699;1.050976
G795;0;0;0;0;0;0;0;0;0;0;0;0;0;0;0;0;1.538949;1.373327;1.471151;1.413921;1.454868;0.8304955;0.8485482;0.8654699;0.9219085
G796;0;0;0;0;0;0;0;0;0;0;0;0;0;0;0;0;1.57401;1.249435;1.519672;1.491829;1.491854;0.4280696;1.011868;0.9709506;0.9562556
G797;0;0;0;0;0;0;0;0;0;0;0;0;0;0;0;0;1.577812;1.399924;1.530152;1.429539;1.343364;0.8890969;1.092256;1.140908;0.8304955
G798;0;0;0;0;0;0;0;0;0;0;0;0;0;0;0;0;1.567941;1.405096;1.418049;1.440023;1.499098;1.03689;1.12088;1.075982;0.7908581
G799;0;0;0;0;0;0;0;0;0;0;0;0;0;0;0;0;1.563567;1.449186;1.45506;1.494016;1.516327;1.04436;1.159087;1.021719;1.065067
G800;0;0;0;0;0;0;0;0;0;0;0;0;0;0;0;0;1.523118;1.376357;1.418564;1.457717;1.506537;0.8112781;0.9562556;0.9219085;0.986174
G801;0;0;0;0;0;0;0;0;0;0;0;0;0;0;0;0;1.56417;1.481253;1.45506;1.45506;1.458195;0.9029968;0.9717546;0.9995379;1.0512
G802;0;0;0;0;0;0;0;0;0;0;0;0;0;0;0;0;1.546099;1.472246;1.466823;1.461399;1.399111;0.7038341;0.9396503;0.9219085;1.075982
G803;0;0;0;0;0;0;0;0;0;0;0;0;0;0;0;0;1.57401;1.4385;1.471151;1.429539;1.486818;0.7624671;0.9562556;1.050976;1.075982
G804;0;0;0;0;0;0;0;0;0;0;0;0;0;0;0;0;1.57401;1.35515;1.474233;1.429539;1.50152;0.9219085;0.9562556;0.8828773;1.0512
G805;0;0;0;0;0;0;0;0;0;0;0;0;0;0;0;0;1.563567;1.425574;1.508574;1.45984;1.461399;0.8112781;0.8960383;0.7462343;0.986174
G806;0;0;0;0;0;0;0;0;0;0;0;0;0;0;0;0;1.577812;1.475659;1.476545;1.541864;1.516327;0.9396503;0.9562556;0.9097362;1.086944
